Cat√©gorie,Fichier,Feuille,Champ,Type,Cat√©gorie_Champ,Taux_Remplissage,Exemples
"amopale","PREURES_-_RUE_NOIRE_1758620731.xlsx","preures - rue noire","Name","text","identifier","0.8421052631578947","Terrassement - Assainissement; Gros oeuvre"
"amopale","PREURES_-_RUE_NOIRE_1758620731.xlsx","preures - rue noire","Personne","text","contact","0.05263157894736842","Personne"
"amopale","PREURES_-_RUE_NOIRE_1758620731.xlsx","preures - rue noire","Statut","status","status","0.21052631578947367","En cours; Statut"
"amopale","PREURES_-_RUE_NOIRE_1758620731.xlsx","preures - rue noire","P√©riode - Start","date","temporal","0.42105263157894735","2023-10-22; 2023-10-12"
"amopale","PREURES_-_RUE_NOIRE_1758620731.xlsx","preures - rue noire","P√©riode - End","date","temporal","0.42105263157894735","2023-10-22; 2023-10-20"
"planningChantier","AO_Planning_1758620539.xlsx","ao planning  üñ•Ô∏è","Name","text","identifier","0.9261300992282249","GRANDE-SYNTHE 60 - Construction neuf - Quartier des Ilot des Peintres - PARTENORD HABITAT ->01/10/25; DUNKERQUE 85 NEXITY - MEXT"
"planningChantier","AO_Planning_1758620539.xlsx","ao planning  üñ•Ô∏è","Sous-√©l√©ments","text","general","0.13671444321940462","Sous-√©l√©ments; Etude"
"planningChantier","AO_Planning_1758620539.xlsx","ao planning  üñ•Ô∏è","Lieu","text","general","0.7309812568908489","Lieu; Sains les Marquions"
"planningChantier","AO_Planning_1758620539.xlsx","ao planning  üñ•Ô∏è","Version","numeric_string","general","0.4244762954796031","1; Version"
"planningChantier","AO_Planning_1758620539.xlsx","ao planning  üñ•Ô∏è","Texte","text","general","0.08599779492833518","Texte; M√©tr√©s Ext ? ou Yannick"
"planningChantier","AO_Planning_1758620539.xlsx","ao planning  üñ•Ô∏è","Lien internet","text","general","0.009922822491730982","Lien internet; '/Users/julienl/Library/CloudStorage/OneDrive-JLM/01 - ETUDES AO - Documents/01 - AO EN COURS/LE TOUQUET - HITO - GCC/02 - Etudes JLM/LE TOUQUET HITO Note 24 juil. 2025.pdf' - https://'/Users/julienl/Library/CloudStorage/OneDrive-JLM/01%20-%20ETUDES%20AO%20-%20Documents/01%20-%20AO%20EN%20COURS/LE%20TOUQUET%20-%20HITO%20-%20GCC/02%20-%20Etudes%20JLM/LE%20TOUQUET%20HITO%20Note%2024%20juil.%202025.pdf'"
"planningChantier","AO_Planning_1758620539.xlsx","ao planning  üñ•Ô∏è","LOT","text","project","0.8202866593164277","Menu Ext; LOT"
"planningChantier","AO_Planning_1758620539.xlsx","ao planning  üñ•Ô∏è","Rendu","date","temporal","0.7111356119073869","2025-10-01; Rendu"
"planningChantier","AO_Planning_1758620539.xlsx","ao planning  üñ•Ô∏è","MOA","text","contact","0.7386990077177509","PARTENORD HABITAT; COGEDIM"
"planningChantier","AO_Planning_1758620539.xlsx","ao planning  üñ•Ô∏è","MOE","text","contact","0.4796030871003308","AB+; MOE"
"planningChantier","AO_Planning_1758620539.xlsx","ao planning  üñ•Ô∏è","Type March√©","text","general","0.836824696802646","Priv√©; Type March√©"
"planningChantier","AO_Planning_1758620539.xlsx","ao planning  üñ•Ô∏è","Personnes","text","contact","0.7398015435501654","Personnes; Flavie LAMBOROT"
"planningChantier","AO_Planning_1758620539.xlsx","ao planning  üñ•Ô∏è","Devis","text","project","0.8754134509371555","Devis; En cours"
"planningChantier","AO_Planning_1758620539.xlsx","ao planning  üñ•Ô∏è","Bouclage AO","date","general","0.3153252480705623","Bouclage AO; 2025-06-11"
"planningChantier","AO_Planning_1758620539.xlsx","ao planning  üñ•Ô∏è","Visite de site","date","general","0.05181918412348401","Visite de site; 2024-11-25"
"planningChantier","AO_Planning_1758620539.xlsx","ao planning  üñ•Ô∏è","Ann√©e Prod","numeric_string","general","0.23373759647188533","Ann√©e Prod; 2025"
"planningChantier","AO_Planning_1758620539.xlsx","ao planning  üñ•Ô∏è","Code Devis","numeric_string","project","0.649393605292172","Code Devis; 202089"
"planningChantier","AO_Planning_1758620539.xlsx","ao planning  üñ•Ô∏è","DS","numeric_string","general","0.6538037486218302","DS; 3670"
"planningChantier","AO_Planning_1758620539.xlsx","ao planning  üñ•Ô∏è","Nombre heures","numeric_string","identifier","0.6604189636163176","Nombre heures; 28"
"planningChantier","AO_Planning_1758620539.xlsx","ao planning  üñ•Ô∏è","CA HT","numeric_string","financial","0.6780595369349504","100000; CA HT"
"planningChantier","AO_Planning_1758620539.xlsx","ao planning  üñ•Ô∏è","Marge H","numeric_string","general","0.6515986769570011","no_numeric_values_available; Marge H"
"planningChantier","AO_Planning_1758620539.xlsx","ao planning  üñ•Ô∏è","Coef Vente","numeric_string","general","0.6339581036383682","no_numeric_values_available; Coef Vente"
"planningChantier","AO_Planning_1758620539.xlsx","ao planning  üñ•Ô∏è","Objectif Marge H","numeric_string","general","0.45755237045203967","Objectif Marge H; 55"
"planningChantier","AO_Planning_1758620539.xlsx","ao planning  üñ•Ô∏è","CA Objectif","numeric_string","financial","0.8908489525909592","0; CA Objectif"
"planningChantier","AO_Planning_1758620539.xlsx","ao planning  üñ•Ô∏è","Passation","text","general","0.10474090407938258","Passation; A Faire"
"planningChantier","AO_Planning_1758620539.xlsx","ao planning  üñ•Ô∏è","Nb Mois Travail Eq","numeric_string","general","0.8908489525909592","0; Nb Mois Travail Eq"
"planningChantier","AO_Planning_1758620539.xlsx","ao planning  üñ•Ô∏è","Code chantier","numeric_string","project","0.21719955898566704","23066; Code chantier"
"planningChantier","AO_Planning_1758620539.xlsx","ao planning  üñ•Ô∏è","Date Accord","date","temporal","0.1113561190738699","Date Accord; 2025-04-28"
"planningChantier","AO_Planning_1758620539.xlsx","ao planning  üñ•Ô∏è","Connecter les tableaux","text","general","0.008820286659316428","Connecter les tableaux"
"planningChantier","AO_Planning_1758620539.xlsx","ao planning  üñ•Ô∏è","Bouton","text","general","0.8809261300992283","Click me; Bouton"
"planningChantier","AO_Planning_1758620539.xlsx","ao planning  üñ•Ô∏è","Dur√©e - Start","date","temporal","0.023153252480705624","Dur√©e - Start; 2025-03-03"
"planningChantier","AO_Planning_1758620539.xlsx","ao planning  üñ•Ô∏è","Dur√©e - End","date","temporal","0.023153252480705624","Dur√©e - End; 2025-03-03"
"planningChantier","AO_Planning_1758620539.xlsx","ao planning  üñ•Ô∏è","Priority","text","general","0.1466372657111356","Priority; Medium"
"planningChantier","AO_Planning_1758620539.xlsx","ao planning  üñ•Ô∏è","Date M√©tr√©s","date","temporal","0.03858875413450937","Date M√©tr√©s; 2025-04-02"
"planningChantier","AO_Planning_1758620539.xlsx","ao planning  üñ•Ô∏è","Demande de prix","text","financial","0.5214994487320838","A faire; Demande de prix"
"planningChantier","AO_Planning_1758620539.xlsx","ao planning  üñ•Ô∏è","Dur√©e √©tude","numeric_string","general","0.25689084895259096","Dur√©e √©tude; 12"
"planningChantier","AO_Planning_1758620539.xlsx","ao planning  üñ•Ô∏è","D√©marrage","date","general","0.2855567805953694","D√©marrage; 2025-04-17"
"planningChantier","AO_Planning_1758620539.xlsx","ao planning  üñ•Ô∏è","Chiffrage","text","general","0.535832414553473","Chiffrage; FL"
"planningChantier","AO_Planning_1758620539.xlsx","ao planning  üñ•Ô∏è","Duree J Eq","numeric_string","general","0.03307607497243661","Duree J Eq; 4"
"projetsSpecifiques","BETHUNE_BUDAPEST_1758620834.xlsx","bethune budapest","Name","text","identifier","0.7","Task 1; Task 2"
"projetsSpecifiques","BETHUNE_BUDAPEST_1758620834.xlsx","bethune budapest","Owner","text","general","0.3","Julien LAMBOROT; Owner"
"projetsSpecifiques","BETHUNE_BUDAPEST_1758620834.xlsx","bethune budapest","Status","text","status","0.4","Done; Working on it"
"projetsSpecifiques","BETHUNE_BUDAPEST_1758620834.xlsx","bethune budapest","Priority","text","general","0.4","Low; Medium"
"projetsSpecifiques","BETHUNE_BUDAPEST_1758620834.xlsx","bethune budapest","Timeline - Start","date","temporal","0.5","2025-03-16; 2025-04-01"
"projetsSpecifiques","BETHUNE_BUDAPEST_1758620834.xlsx","bethune budapest","Timeline - End","date","temporal","0.5","2025-03-22; 2025-04-15"
"projetsSpecifiques","BETHUNE_BUDAPEST_1758620834.xlsx","bethune budapest","Dependent On","text","temporal","0.3","Task 1; Dependent On"
"projetsSpecifiques","BETHUNE_BUDAPEST_1758620834.xlsx","bethune budapest","Duration","text","general","0.4","7; 15"
"projetsSpecifiques","BETHUNE_BUDAPEST_1758620834.xlsx","bethune budapest","Planned Effort","text","general","0.4","12; 22"
"projetsSpecifiques","BETHUNE_BUDAPEST_1758620834.xlsx","bethune budapest","Effort Spent","text","general","0.4","8; 20"
"projetsSpecifiques","BETHUNE_BUDAPEST_1758620834.xlsx","bethune budapest","Budget","text","financial","0.4","10000; 2000"
"projetsSpecifiques","BETHUNE_BUDAPEST_1758620834.xlsx","bethune budapest","Completion Date","text","temporal","0.4","2025-03-02; Completion Date"
"projetsSpecifiques","BETHUNE_BUDAPEST_1758620834.xlsx","bethune budapest","link to JLM CHANTIERS","text","project","0.5","BETHUNE BUDAPEST; link to JLM CHANTIERS"
"planningChantier","BOULOGNE_102_-_GCC_-_102_lgts_-_Mint_1758620856.xlsx","boulogne 102 - gcc - ","Name","text","identifier","0.7","Task 1; Task 2"
"planningChantier","BOULOGNE_102_-_GCC_-_102_lgts_-_Mint_1758620856.xlsx","boulogne 102 - gcc - ","Owner","text","general","0.3","Julien LAMBOROT; Owner"
"planningChantier","BOULOGNE_102_-_GCC_-_102_lgts_-_Mint_1758620856.xlsx","boulogne 102 - gcc - ","Status","text","status","0.4","Done; Working on it"
"planningChantier","BOULOGNE_102_-_GCC_-_102_lgts_-_Mint_1758620856.xlsx","boulogne 102 - gcc - ","Priority","text","general","0.4","Low; Medium"
"planningChantier","BOULOGNE_102_-_GCC_-_102_lgts_-_Mint_1758620856.xlsx","boulogne 102 - gcc - ","Timeline - Start","date","temporal","0.5","2025-03-16; 2025-04-01"
"planningChantier","BOULOGNE_102_-_GCC_-_102_lgts_-_Mint_1758620856.xlsx","boulogne 102 - gcc - ","Timeline - End","date","temporal","0.5","2025-03-22; 2025-04-15"
"planningChantier","BOULOGNE_102_-_GCC_-_102_lgts_-_Mint_1758620856.xlsx","boulogne 102 - gcc - ","Dependent On","text","temporal","0.3","Task 1; Dependent On"
"planningChantier","BOULOGNE_102_-_GCC_-_102_lgts_-_Mint_1758620856.xlsx","boulogne 102 - gcc - ","Duration","text","general","0.4","7; 15"
"planningChantier","BOULOGNE_102_-_GCC_-_102_lgts_-_Mint_1758620856.xlsx","boulogne 102 - gcc - ","Planned Effort","text","general","0.4","12; 22"
"planningChantier","BOULOGNE_102_-_GCC_-_102_lgts_-_Mint_1758620856.xlsx","boulogne 102 - gcc - ","Effort Spent","text","general","0.4","8; 20"
"planningChantier","BOULOGNE_102_-_GCC_-_102_lgts_-_Mint_1758620856.xlsx","boulogne 102 - gcc - ","Budget","text","financial","0.4","10000; 2000"
"planningChantier","BOULOGNE_102_-_GCC_-_102_lgts_-_Mint_1758620856.xlsx","boulogne 102 - gcc - ","Completion Date","text","temporal","0.4","2025-03-02; Completion Date"
"planningChantier","BOULOGNE_102_-_GCC_-_102_lgts_-_Mint_1758620856.xlsx","boulogne 102 - gcc - ","link to JLM CHANTIERS","text","project","0.5","BOULOGNE 102 - GCC - 102 lgts - Mint; link to JLM CHANTIERS"
"planningChantier","BOULOGNE_102_-_GCC_-_102_lgts_-_Serrurerie_1758620850.xlsx","boulogne 102 - gcc - ","Name","text","identifier","0.7","Task 1; Task 2"
"planningChantier","BOULOGNE_102_-_GCC_-_102_lgts_-_Serrurerie_1758620850.xlsx","boulogne 102 - gcc - ","Owner","text","general","0.3","Julien LAMBOROT; Owner"
"planningChantier","BOULOGNE_102_-_GCC_-_102_lgts_-_Serrurerie_1758620850.xlsx","boulogne 102 - gcc - ","Status","text","status","0.4","Done; Working on it"
"planningChantier","BOULOGNE_102_-_GCC_-_102_lgts_-_Serrurerie_1758620850.xlsx","boulogne 102 - gcc - ","Priority","text","general","0.4","Low; Medium"
"planningChantier","BOULOGNE_102_-_GCC_-_102_lgts_-_Serrurerie_1758620850.xlsx","boulogne 102 - gcc - ","Timeline - Start","date","temporal","0.5","2025-03-16; 2025-04-01"
"planningChantier","BOULOGNE_102_-_GCC_-_102_lgts_-_Serrurerie_1758620850.xlsx","boulogne 102 - gcc - ","Timeline - End","date","temporal","0.5","2025-03-22; 2025-04-15"
"planningChantier","BOULOGNE_102_-_GCC_-_102_lgts_-_Serrurerie_1758620850.xlsx","boulogne 102 - gcc - ","Dependent On","text","temporal","0.3","Task 1; Dependent On"
"planningChantier","BOULOGNE_102_-_GCC_-_102_lgts_-_Serrurerie_1758620850.xlsx","boulogne 102 - gcc - ","Duration","text","general","0.4","7; 15"
"planningChantier","BOULOGNE_102_-_GCC_-_102_lgts_-_Serrurerie_1758620850.xlsx","boulogne 102 - gcc - ","Planned Effort","text","general","0.4","12; 22"
"planningChantier","BOULOGNE_102_-_GCC_-_102_lgts_-_Serrurerie_1758620850.xlsx","boulogne 102 - gcc - ","Effort Spent","text","general","0.4","8; 20"
"planningChantier","BOULOGNE_102_-_GCC_-_102_lgts_-_Serrurerie_1758620850.xlsx","boulogne 102 - gcc - ","Budget","text","financial","0.4","10000; 2000"
"planningChantier","BOULOGNE_102_-_GCC_-_102_lgts_-_Serrurerie_1758620850.xlsx","boulogne 102 - gcc - ","Completion Date","text","temporal","0.4","2025-03-02; Completion Date"
"planningChantier","BOULOGNE_102_-_GCC_-_102_lgts_-_Serrurerie_1758620850.xlsx","boulogne 102 - gcc - ","link to JLM CHANTIERS","text","project","0.5","BOULOGNE 102 - GCC - 102 lgts - Serrurerie; link to JLM CHANTIERS"
"gestionGenerale","CAPSO_1758620571.xlsx","capso","Nom","text","identifier","0.8521400778210116","AIRE - Salle DUCROT - Demande Devis Dominique; ST OMER - QUARTIER FOCH - MISSION LOCALE - R√©paration sol"
"gestionGenerale","CAPSO_1758620571.xlsx","capso","Sous-√©l√©ments","text","general","0.3035019455252918","Sous-√©l√©ments; Portes Bois 93*204,Barre sur porte strat compact (avec vis de reliure de 8mm,D√©coupe 2 bancs et descendre porte manteau"
"gestionGenerale","CAPSO_1758620571.xlsx","capso","Num Devis","numeric_string","project","0.8599221789883269","201049; Num Devis"
"gestionGenerale","CAPSO_1758620571.xlsx","capso","Qui ?","text","general","0.31712062256809337","Julien LAMBOROT; Qui ?"
"gestionGenerale","CAPSO_1758620571.xlsx","capso","Statut de la demande","text","status","0.8365758754863813","Visite √† programmer; Nouvelle demande"
"gestionGenerale","CAPSO_1758620571.xlsx","capso","Date de la demande","date","temporal","0.8073929961089494","2025-05-23; 2025-04-03"
"gestionGenerale","CAPSO_1758620571.xlsx","capso","Demandeur","text","general","0.4961089494163424","Bertrand MAYEUX; Micka√´l SENTUNE"
"gestionGenerale","CAPSO_1758620571.xlsx","capso","DS","text","general","0.20428015564202334","DS; Commande"
"gestionGenerale","CAPSO_1758620571.xlsx","capso","Nb Heures","text","general","0.16536964980544747","Nb Heures; Date Livraison"
"gestionGenerale","CAPSO_1758620571.xlsx","capso","CA HT","numeric_string","financial","0.8326848249027238","3719.21; 3697.81"
"gestionGenerale","CAPSO_1758620571.xlsx","capso","Coef vente","text","general","0.13618677042801555","no_numeric_values_available; Coef vente"
"gestionGenerale","CAPSO_1758620571.xlsx","capso","Marge H","text","general","0.13424124513618677","no_numeric_values_available; Marge H"
"gestionGenerale","CAPSO_1758620571.xlsx","capso","A faire pour  (√âch√©ance) : - Start","date","temporal","0.042801556420233464","A faire pour  (√âch√©ance) : - Start; 2023-09-18"
"gestionGenerale","CAPSO_1758620571.xlsx","capso","A faire pour  (√âch√©ance) : - End","date","temporal","0.042801556420233464","A faire pour  (√âch√©ance) : - End; 2023-09-21"
"gestionGenerale","CAPSO_1758620571.xlsx","capso","Chronom√®tre","text","identifier","0.1575875486381323","00:00:00; Chronom√®tre"
"gestionGenerale","CAPSO_1758620571.xlsx","capso","R√©sum√© ex√©cutif","text","general","0.05058365758754864","R√©sum√© ex√©cutif; V5 s√©paration Mext bois et ADAP"
"gestionGenerale","CAPSO_1758620571.xlsx","capso","Bon de commande","text","general","0.23540856031128404","Bon de commande; BC 2022-5017"
"gestionGenerale","CAPSO_1758620571.xlsx","capso","Hashtags","text","general","0.013618677042801557","Hashtags"
"gestionGenerale","CAPSO_1758620571.xlsx","capso","CHANTIERS - Etudes","text","project","0.09727626459143969","CHANTIERS - Etudes; ARQUES - BALAVOINE - PORTES Ext ET TOLES, ARQUES - BALAVOINE - PORTES Ext ET TOLES"
"gestionGenerale","CAPSO_1758620571.xlsx","chronometre","Time Tracking","text","general","0.8061797752808989","ST OMER - CRD QUARTIER FOCH Cloison et portes; Started By"
"gestionGenerale","CHANTIERS_1758620580.xlsx","chantiers üèóÔ∏è","Name","text","identifier","0.2654071075123707","BERCK Reflet d‚ÄôEcume Refab Dormants 2/2; BERCK Reflet d‚ÄôEcume - Recommande Dormants"
"gestionGenerale","CHANTIERS_1758620580.xlsx","chantiers üèóÔ∏è","Subitems","text","general","0.9190283400809717","Subitems; Seuil T√¥le Larm√©e,BEQUILLES /CYLINRES PORTES ENTREE,Trappe acc√®s comble,Vitrophanie et/ou vitrage d√©poli,Chassis acc√®s toiture"
"gestionGenerale","CHANTIERS_1758620580.xlsx","chantiers üèóÔ∏è","Sous-√©l√©ments Gain / Achat","text","financial","0.7890238416554206","Sous-√©l√©ments Gain / Achat; 0, 0, 0, 0, 0"
"gestionGenerale","CHANTIERS_1758620580.xlsx","chantiers üèóÔ∏è","TOTAL Gain / Achat","date","financial","0.5587044534412956","TOTAL Gain / Achat; 0, 0, 0, 0, 0"
"gestionGenerale","CHANTIERS_1758620580.xlsx","chantiers üèóÔ∏è","Ech√©ance","date","general","0.3765182186234818","Ech√©ance; Date de commande"
"gestionGenerale","CHANTIERS_1758620580.xlsx","chantiers üèóÔ∏è","Tps √©tude","numeric_string","general","0.8389563652721548","Tps √©tude; D√©lais Fab (Jours)"
"gestionGenerale","CHANTIERS_1758620580.xlsx","chantiers üèóÔ∏è","Texte","numeric_string","general","0.3265856950067476","Texte; D√©lais fab (Semaine)"
"gestionGenerale","CHANTIERS_1758620580.xlsx","chantiers üèóÔ∏è","Commande","date","general","0.582995951417004","Commande; Re√ßue, pos√©e, A Commander, A Commander, Devis Client, A Commander"
"gestionGenerale","CHANTIERS_1758620580.xlsx","chantiers üèóÔ∏è","Lot","numeric_string","project","0.6095366621682411","Lot; Menu Ext"
"gestionGenerale","CHANTIERS_1758620580.xlsx","chantiers üèóÔ∏è","Personne","text","contact","0.3121907332433648","Ludivine COMBAZ; Personne"
"gestionGenerale","CHANTIERS_1758620580.xlsx","chantiers üèóÔ∏è","Date Etude","text","temporal","0.10481331533963113","Date Etude; D√©lais indicatif"
"gestionGenerale","CHANTIERS_1758620580.xlsx","chantiers üèóÔ∏è","Date Livraison","text","temporal","0.38686459739091317","Date Livraison; Choix"
"gestionGenerale","CHANTIERS_1758620580.xlsx","chantiers üèóÔ∏è","MOA","text","contact","0.926225820962663","MOA; FIAT TOURNESOL"
"gestionGenerale","CHANTIERS_1758620580.xlsx","chantiers üèóÔ∏è","MOE","text","contact","0.744489428699955","MOE; DVA"
"gestionGenerale","CHANTIERS_1758620580.xlsx","chantiers üèóÔ∏è","Num Chantier","text","project","0.7602339181286549","Num Chantier; 23092"
"gestionGenerale","CHANTIERS_1758620580.xlsx","chantiers üèóÔ∏è","Num Devis","text","project","0.6468735942420153","Num Devis; 202009"
"gestionGenerale","CHANTIERS_1758620580.xlsx","chantiers üèóÔ∏è","Etat","text","status","0.48493027440395864","Etude A faire; Etat"
"gestionGenerale","CHANTIERS_1758620580.xlsx","chantiers üèóÔ∏è","CA HT","text","financial","0.4633378317588844","CA HT; 213000"
"gestionGenerale","CHANTIERS_1758620580.xlsx","chantiers üèóÔ∏è","Nb Heures","text","general","0.4313990103463788","Nb Heures; 948"
"gestionGenerale","CHANTIERS_1758620580.xlsx","chantiers üèóÔ∏è","Jo Equipe","text","general","0.4745838956365272","0; Jo Equipe"
"gestionGenerale","CHANTIERS_1758620580.xlsx","chantiers üèóÔ∏è","Passation","text","general","0.1214574898785425","Passation; Priority"
"gestionGenerale","CHANTIERS_1758620580.xlsx","chantiers üèóÔ∏è","Budget TOTAL","text","financial","0.34772829509671616","Budget TOTAL; 0, 0, 0, 0, 0"
"gestionGenerale","CHANTIERS_1758620580.xlsx","chantiers üèóÔ∏è","TOTAL Achat","text","general","0.42420152946468737","TOTAL Achat; 0, 0, 0, 0, 0"
"gestionGenerale","CHANTIERS_1758620580.xlsx","chantiers üèóÔ∏è","D√©pense MO H","text","general","0.2766531713900135","D√©pense MO H; AR Fournisseur"
"gestionGenerale","CHANTIERS_1758620580.xlsx","chantiers üèóÔ∏è","Ecart Heures","numeric_string","financial","0.2694556905083221","0; Ecart Heures"
"gestionGenerale","CHANTIERS_1758620580.xlsx","chantiers üèóÔ∏è","Fichier","text","general","0.10256410256410256","Fichier; Lien internet"
"gestionGenerale","CHANTIERS_1758620580.xlsx","chantiers üèóÔ∏è","link to CAPSO","numeric_string","financial","0.6513720197930725","link to CAPSO; Qt√© Budget"
"gestionGenerale","CHANTIERS_1758620580.xlsx","chantiers üèóÔ∏è","Gain H %","numeric_string","financial","0.744489428699955","no_numeric_values_available; Gain H %"
"gestionGenerale","CHANTIERS_1758620580.xlsx","chantiers üèóÔ∏è","Gain H/CA %","numeric_string","financial","0.9748088169140801","no_numeric_values_available; Gain H/CA %"
"gestionGenerale","CHANTIERS_1758620580.xlsx","chantiers üèóÔ∏è","Passation","text","general","0.1214574898785425","Passation; Priority"
"gestionGenerale","CHANTIERS_Administratif_1758620613.xlsx","chantiers administrat","Name","text","identifier","0.9262820512820513","Nouveaux; Name"
"gestionGenerale","CHANTIERS_Administratif_1758620613.xlsx","chantiers administrat","Sous-√©l√©ments","text","general","0.10576923076923077","Sous-√©l√©ments; AVENANT DEVIS 201742"
"gestionGenerale","CHANTIERS_Administratif_1758620613.xlsx","chantiers administrat","Sous-√©l√©ments Commande","text","general","0.08333333333333333","Sous-√©l√©ments Commande; Qui ?"
"gestionGenerale","CHANTIERS_Administratif_1758620613.xlsx","chantiers administrat","Lot","text","project","0.8878205128205128","Lot; Menu Ext"
"gestionGenerale","CHANTIERS_Administratif_1758620613.xlsx","chantiers administrat","MOA","text","contact","0.8974358974358975","MOA; Septalia"
"gestionGenerale","CHANTIERS_Administratif_1758620613.xlsx","chantiers administrat","MOE","text","contact","0.7307692307692307","MOE; Delannoy"
"gestionGenerale","CHANTIERS_Administratif_1758620613.xlsx","chantiers administrat","March√©","text","general","0.8493589743589743","March√©; Fait"
"gestionGenerale","CHANTIERS_Administratif_1758620613.xlsx","chantiers administrat","Statut","text","status","0.8685897435897436","Statut; Accept√©"
"gestionGenerale","CHANTIERS_Administratif_1758620613.xlsx","chantiers administrat","Type March√©","text","general","0.907051282051282","Type March√©; Public"
"gestionGenerale","CHANTIERS_Administratif_1758620613.xlsx","chantiers administrat","Actu / R√©vision","status","general","0.8173076923076923","Actu / R√©vision; Actualisation"
"gestionGenerale","CHANTIERS_Administratif_1758620613.xlsx","chantiers administrat","Num Chantier","numeric_string","project","0.8846153846153846","Num Chantier; 23021"
"gestionGenerale","CHANTIERS_Administratif_1758620613.xlsx","chantiers administrat","Num Devis","numeric_string","project","0.9038461538461539","Num Devis; 201315"
"gestionGenerale","CHANTIERS_Administratif_1758620613.xlsx","chantiers administrat","OS","date","general","0.4935897435897436","OS; 2024-01-16"
"gestionGenerale","CHANTIERS_Administratif_1758620613.xlsx","chantiers administrat","D√©lais contractuel (Date)","numeric_string","temporal","0.3333333333333333","D√©lais contractuel (Date); 24"
"gestionGenerale","CHANTIERS_Administratif_1758620613.xlsx","chantiers administrat","Date fin contractuelle","date","temporal","0.27564102564102566","Date fin contractuelle; 2026-01-16"
"gestionGenerale","CHANTIERS_Administratif_1758620613.xlsx","chantiers administrat","PPSPS","date","general","0.6442307692307693","PPSPS; 2024-01-31"
"gestionGenerale","CHANTIERS_Administratif_1758620613.xlsx","chantiers administrat","DOE","text","general","0.375","DOE; Sans Objet"
"gestionGenerale","CHANTIERS_Administratif_1758620613.xlsx","chantiers administrat","DGD","text","general","0.3782051282051282","DGD; Sans Objet"
"gestionGenerale","CHANTIERS_Administratif_1758620613.xlsx","chantiers administrat","Date R√©ception","date","temporal","0.391025641025641","Date R√©ception; 2024-04-11"
"gestionGenerale","CHANTIERS_Administratif_1758620613.xlsx","chantiers administrat","Date RG","date","temporal","0.30128205128205127","Date RG; 1970-06-05"
"gestionGenerale","CHANTIERS_Administratif_1758620613.xlsx","chantiers administrat","RG","text","general","0.6762820512820513","RG; Chantier en cours"
"gestionGenerale","CHANTIERS_Administratif_1758620613.xlsx","chantiers administrat","RG a Cautionner","text","financial","0.22435897435897437","RG a Cautionner; Sans objet, Pas de RG"
"gestionGenerale","CHANTIERS_Administratif_1758620613.xlsx","chantiers administrat","P√©riode - Start","date","temporal","0.21794871794871795","P√©riode - Start; 2024-01-16"
"gestionGenerale","CHANTIERS_Administratif_1758620613.xlsx","chantiers administrat","P√©riode - End","date","temporal","0.21794871794871795","P√©riode - End; 2025-08-29"
"gestionGenerale","CHANTIERS_Administratif_1758620613.xlsx","chantiers administrat","TO DO Julien","text","general","0.3173076923076923","TO DO Julien; BERCK - CAZIN PERROCHAUD - BUREAU MAS  - Caution RG ?"
"gestionGenerale","CHANTIERS_Administratif_1758620613.xlsx","chantiers administrat","CA HT","numeric_string","financial","0.8717948717948718","CA HT; 106528"
"gestionGenerale","CHANTIERS_Administratif_1758620613.xlsx","chantiers administrat","Nb Heures","numeric_string","general","0.8525641025641025","Nb Heures; 387"
"gestionGenerale","CHANTIERS_Administratif_1758620613.xlsx","chantiers administrat","Jo Equipe","numeric_string","general","0.9006410256410257","Jo Equipe; 24"
"gestionGenerale","CHANTIERS_Administratif_1758620613.xlsx","chantiers administrat","Hashtags","text","general","0.035256410256410256","Hashtags; Sous-Traitant"
"gestionGenerale","CHANTIERS_Administratif_1758620613.xlsx","chantiers administrat","Passation","text","general","0.2532051282051282","Passation; En cours"
"gestionGenerale","CHANTIERS_Administratif_1758620613.xlsx","chantiers administrat","Commerce","text","general","0.8205128205128205","Commerce; SB"
"gestionGenerale","Contacts_1758620760.xlsx","contacts","Nom","text","identifier","0.8","Laurent Fromentin; Emmanuel Branque"
"gestionGenerale","Contacts_1758620760.xlsx","contacts","Intitul√© du poste","text","general","0.8","PDG; DG"
"gestionGenerale","Contacts_1758620760.xlsx","contacts","Entreprise","text","general","0.8","Google; Apple"
"gestionGenerale","Contacts_1758620760.xlsx","contacts","Type","text","general","0.8","Fil; client"
"gestionGenerale","Contacts_1758620760.xlsx","contacts","Priorit√©","text","general","0.8","√âlev√©e; Moyenne"
"gestionGenerale","Contacts_1758620760.xlsx","contacts","T√©l√©phone","numeric_string","general","0.8","33147852102; 33698521047"
"gestionGenerale","Contacts_1758620760.xlsx","contacts","E-mail","email","general","0.8","laurent@email.com; emmanuel@email.com"
"gestionGenerale","Contacts_1758620760.xlsx","contacts","Prochaine relance","date","general","1","2024-05-10; 2024-05-12"
"gestionGenerale","Contacts_1758620760.xlsx","contacts","Remarques","empty","general","0",""
"gestionGenerale","Copie_de_CHANTIERS_PROJET_1758620682.xlsx","copie de chantiers üèóÔ∏è","Name","text","identifier","0.2857142857142857","CAMIER Casse verre  devis de LE KAP VERRE COTE D'OPALE; - HAZEBROUCK - TOLESPORTES ABIMEES- pour discution NOVEBAT"
"gestionGenerale","Copie_de_CHANTIERS_PROJET_1758620682.xlsx","copie de chantiers üèóÔ∏è","Subitems","text","general","0.9108485499462943","Subitems; Mext PVC - Nord PVC,Mext PVC - Nord PVC R+1,Mext PVC - Nord PVC R+2,Mext PVC - Nord PVC R+3,Mext PVC - Nord PVC R+4,Mext Alu - 2 MEXT KLINE + 1 Baie,Mext Alu Porte KLINE,Mext Alu - Coulissant galandage"
"gestionGenerale","Copie_de_CHANTIERS_PROJET_1758620682.xlsx","copie de chantiers üèóÔ∏è","Etudes","text","general","0.7432867883995704","Etudes; 2024-07-19, 2024-06-04, 2024-06-04, 2024-06-17, 2024-07-19, 2024-07-19, 2024-07-19, 2024-07-19"
"gestionGenerale","Copie_de_CHANTIERS_PROJET_1758620682.xlsx","copie de chantiers üèóÔ∏è","Commande","date","general","0.49301825993555315","Commande; A Commander, A Commander, A Commander, A Commander, A Commander, A Commander, A Commander, A Commander"
"gestionGenerale","Copie_de_CHANTIERS_PROJET_1758620682.xlsx","copie de chantiers üèóÔ∏è","Lot","text","project","0.8437164339419978","SAV; Lot"
"gestionGenerale","Copie_de_CHANTIERS_PROJET_1758620682.xlsx","copie de chantiers üèóÔ∏è","Personne","text","contact","0.3098818474758324","Ludivine COMBAZ; Laurent WISSOCQ, Julien LAMBOROT"
"gestionGenerale","Copie_de_CHANTIERS_PROJET_1758620682.xlsx","copie de chantiers üèóÔ∏è","Date Etude","text","temporal","0.2121374865735768","Date Etude; D√©lais fab (Semaine)"
"gestionGenerale","Copie_de_CHANTIERS_PROJET_1758620682.xlsx","copie de chantiers üèóÔ∏è","Date Livraison","date","temporal","0.47207303974221265","Date Livraison; 2025-03-14, 2025-03-14, 2025-03-14, 2025-03-14, 2025-03-17, 2025-03-14, 2025-03-14, 2025-03-14"
"gestionGenerale","Copie_de_CHANTIERS_PROJET_1758620682.xlsx","copie de chantiers üèóÔ∏è","MOA","numeric_string","contact","0.5510204081632653","MOA; REALITES"
"gestionGenerale","Copie_de_CHANTIERS_PROJET_1758620682.xlsx","copie de chantiers üèóÔ∏è","MOE","text","contact","0.2755102040816326","MOE; COAST"
"gestionGenerale","Copie_de_CHANTIERS_PROJET_1758620682.xlsx","copie de chantiers üèóÔ∏è","Num Chantier","numeric_string","project","0.39097744360902253","Num Chantier; 23046"
"gestionGenerale","Copie_de_CHANTIERS_PROJET_1758620682.xlsx","copie de chantiers üèóÔ∏è","Num Devis","text","project","0.4597207303974221","Num Devis; 201082"
"gestionGenerale","Copie_de_CHANTIERS_PROJET_1758620682.xlsx","copie de chantiers üèóÔ∏è","Etat","text","status","0.9264232008592911","Etude A faire; Fait"
"gestionGenerale","Copie_de_CHANTIERS_PROJET_1758620682.xlsx","copie de chantiers üèóÔ∏è","CA HT","text","financial","0.8147153598281418","CA HT; 2595"
"gestionGenerale","Copie_de_CHANTIERS_PROJET_1758620682.xlsx","copie de chantiers üèóÔ∏è","Nb Heures","text","general","0.7325456498388829","Nb Heures; 16"
"gestionGenerale","Copie_de_CHANTIERS_PROJET_1758620682.xlsx","copie de chantiers üèóÔ∏è","Jo Equipe","text","general","0.6901181525241675","0; Jo Equipe"
"gestionGenerale","Copie_de_CHANTIERS_PROJET_1758620682.xlsx","copie de chantiers üèóÔ∏è","Passation","text","general","0.4371643394199785","Fait; Passation"
"gestionGenerale","Copie_de_CHANTIERS_PROJET_1758620682.xlsx","copie de chantiers üèóÔ∏è","Budget TOTAL","text","financial","0.42749731471535984","Budget TOTAL; 77824, 3056, 1102, 2744.93, 77824, 77824, 77824, 77824"
"gestionGenerale","Copie_de_CHANTIERS_PROJET_1758620682.xlsx","copie de chantiers üèóÔ∏è","TOTAL Achat","text","general","0.4253490870032223","TOTAL Achat; 0, 0, 0, 0, 0, 0, 0, 0"
"gestionGenerale","Copie_de_CHANTIERS_PROJET_1758620682.xlsx","copie de chantiers üèóÔ∏è","Fichier","text","general","0.322234156820623","Fichier; Ep Doublage"
"gestionGenerale","Copie_de_CHANTIERS_PROJET_1758620682.xlsx","copie de chantiers üèóÔ∏è","link to CAPSO","text","financial","0.336734693877551","link to CAPSO; R√©sa G.O."
"gestionGenerale","Copie_de_CHANTIERS_PROJET_1758620682.xlsx","copie de chantiers üèóÔ∏è","D√©pense MO H","text","general","0.2814178302900107","D√©pense MO H; Coupes Mise en situJLM"
"gestionGenerale","Copie_de_CHANTIERS_PROJET_1758620682.xlsx","copie de chantiers üèóÔ∏è","Ecart Heures","text","financial","0.5193340494092373","0; Ecart Heures"
"gestionGenerale","Copie_de_CHANTIERS_PROJET_1758620682.xlsx","copie de chantiers üèóÔ∏è","Gain H %","text","financial","0.39473684210526316","no_numeric_values_available; Gain H %"
"gestionGenerale","Copie_de_CHANTIERS_PROJET_1758620682.xlsx","copie de chantiers üèóÔ∏è","Gain H/CA %","numeric_string","financial","0.757250268528464","no_numeric_values_available; Gain H/CA %"
"gestionGenerale","Copie_de_CHANTIERS_PROJET_1758620682.xlsx","copie de chantiers üèóÔ∏è","√âtude - Start","numeric_string","temporal","0.5870032223415682","√âtude - Start; PU Budget"
"gestionGenerale","Copie_de_CHANTIERS_PROJET_1758620682.xlsx","copie de chantiers üèóÔ∏è","√âtude - End","numeric_string","temporal","0.8131041890440387","√âtude - End; TOTAL Budget"
"gestionGenerale","Copie_de_CHANTIERS_PROJET_1758620682.xlsx","copie de chantiers üèóÔ∏è","Dur√©e etude","text","general","0.1348012889366273","Dur√©e etude; Priority"
"gestionGenerale","DIRECTION_1758620650.xlsx","direction","Name","text","identifier","0.8898305084745762","FW: Devis - Projet JLM MENUISERIE SAS LONGUENESSE; FW: Ergonomie et Confort au Bureau pour 2025"
"gestionGenerale","DIRECTION_1758620650.xlsx","direction","Sous-√©l√©ments","text","general","0.059322033898305086","Sous-√©l√©ments"
"gestionGenerale","DIRECTION_1758620650.xlsx","direction","Personne","text","contact","0.17796610169491525","Julien LAMBOROT; Flavie LAMBOROT"
"gestionGenerale","DIRECTION_1758620650.xlsx","direction","Texte","text","general","0.07627118644067797","Texte; JL Vois avec comptable"
"gestionGenerale","DIRECTION_1758620650.xlsx","direction","Statut","text","status","0.4745762711864407","En cours; Bloqu√©"
"gestionGenerale","DIRECTION_1758620650.xlsx","direction","P√©riode - Start","text","temporal","0.1016949152542373","P√©riode - Start; 2023-05-26"
"gestionGenerale","DIRECTION_1758620650.xlsx","direction","P√©riode - End","text","temporal","0.1016949152542373","P√©riode - End; 2023-05-27"
"gestionGenerale","DIRECTION_1758620650.xlsx","direction","Pipette","text","general","0.06779661016949153","#FDFB67; Pipette"
"projetsSpecifiques","ECQUES_BUREAUX_JLM_1758620829.xlsx","ecques bureaux jlm","Name","text","identifier","0.5625","MEXT ALU; Subitems"
"projetsSpecifiques","ECQUES_BUREAUX_JLM_1758620829.xlsx","ecques bureaux jlm","Sous-√©l√©ments","text","general","0.625","Ouvrant,Butoirs,FP; Name"
"projetsSpecifiques","ECQUES_BUREAUX_JLM_1758620829.xlsx","ecques bureaux jlm","Owner","text","general","0.375","Julien LAMBOROT; Owner"
"projetsSpecifiques","ECQUES_BUREAUX_JLM_1758620829.xlsx","ecques bureaux jlm","Status","text","status","0.375","Future steps; Statut"
"projetsSpecifiques","ECQUES_BUREAUX_JLM_1758620829.xlsx","ecques bureaux jlm","Priority","text","general","0.375","Low; Date"
"projetsSpecifiques","ECQUES_BUREAUX_JLM_1758620829.xlsx","ecques bureaux jlm","D√©marrage","text","general","0.125","D√©marrage"
"projetsSpecifiques","ECQUES_BUREAUX_JLM_1758620829.xlsx","ecques bureaux jlm","Dur√©e","text","general","0.25","11; 3"
"projetsSpecifiques","ECQUES_BUREAUX_JLM_1758620829.xlsx","ecques bureaux jlm","Pr√©vision - Start","date","temporal","0.3125","2025-04-28; 2025-06-09"
"projetsSpecifiques","ECQUES_BUREAUX_JLM_1758620829.xlsx","ecques bureaux jlm","Pr√©vision - End","date","temporal","0.3125","2025-05-12; 2025-06-11"
"projetsSpecifiques","ECQUES_BUREAUX_JLM_1758620829.xlsx","ecques bureaux jlm","Dependent On","text","temporal","0.1875","MEXT ALU; Dependent On"
"projetsSpecifiques","ECQUES_BUREAUX_JLM_1758620829.xlsx","ecques bureaux jlm","Planned Effort","text","general","0.25","200; 22"
"projetsSpecifiques","ECQUES_BUREAUX_JLM_1758620829.xlsx","ecques bureaux jlm","Effort Spent","text","general","0.25","8; 20"
"projetsSpecifiques","ECQUES_BUREAUX_JLM_1758620829.xlsx","ecques bureaux jlm","J Eq","numeric_string","general","0.375","12.5; 1.375"
"projetsSpecifiques","ECQUES_BUREAUX_JLM_1758620829.xlsx","ecques bureaux jlm","Budget","text","financial","0.25","10000; 2000"
"projetsSpecifiques","ECQUES_BUREAUX_JLM_1758620829.xlsx","ecques bureaux jlm","Completion Date","text","temporal","0.25","2025-02-09; Completion Date"
"projetsSpecifiques","ECQUES_BUREAUX_JLM_1758620829.xlsx","ecques bureaux jlm","link to JLM CHANTIERS","text","project","0.3125","ECQUES BUREAUX JLM; link to JLM CHANTIERS"
"gestionSalaries","Formation_Bureaux_1758620863.xlsx","formation bureaux","Name","text","identifier","0.7692307692307693","Sylvie BAUDART; Ludivine COMBAZ"
"gestionSalaries","Formation_Bureaux_1758620863.xlsx","formation bureaux","Personne","text","contact","0.07692307692307693","Personne"
"gestionSalaries","Formation_Bureaux_1758620863.xlsx","formation bureaux","1√®res actions","text","general","0.5384615384615384","EXCEL; GESTION PAIE"
"gestionSalaries","Formation_Bureaux_1758620863.xlsx","formation bureaux","Label","text","general","0.46153846153846156","GESTION DU TEMPS DE TRAVAIL; ASSURANCE"
"gestionSalaries","Formation_Bureaux_1758620863.xlsx","formation bureaux","Label 1","text","general","0.15384615384615385","MEMOIRE TECHNIQUE; Label 1"
"gestionSalaries","Formation_Bureaux_1758620863.xlsx","formation bureaux","P√©riode - Start","date","temporal","0.3076923076923077","2023-02-17; P√©riode - Start"
"gestionSalaries","Formation_Bureaux_1758620863.xlsx","formation bureaux","P√©riode - End","date","temporal","0.3076923076923077","2023-02-27; P√©riode - End"
"gestionSalaries","Formation_Ouvriers_1758620716.xlsx","formation ouvriers","Name","text","identifier","0.9230769230769231","TRISTRAM Arnaud; ROSE Bryan"
"gestionSalaries","Formation_Ouvriers_1758620716.xlsx","formation ouvriers","Sous-√©l√©ments","text","general","0.02564102564102564","Sous-√©l√©ments"
"gestionSalaries","Formation_Ouvriers_1758620716.xlsx","formation ouvriers","Personne","text","contact","0.02564102564102564","Personne"
"gestionSalaries","Formation_Ouvriers_1758620716.xlsx","formation ouvriers","SST (2ans)","date","general","0.5128205128205128","14/04/22; 28/04/22"
"gestionSalaries","Formation_Ouvriers_1758620716.xlsx","formation ouvriers","SST recyclage","date","general","0.1794871794871795","19/04/2024; SST recyclage"
"gestionSalaries","Formation_Ouvriers_1758620716.xlsx","formation ouvriers","Amiante SS4 (Recyclage 3ans)","text","general","0.15384615384615385","10/03/25; 26/01/23"
"gestionSalaries","Formation_Ouvriers_1758620716.xlsx","formation ouvriers","Echafaudage","date","general","0.23076923076923078","06/11/2023; 15/10/2021"
"gestionSalaries","Formation_Ouvriers_1758620716.xlsx","formation ouvriers","Travaux en hauteur","date","general","0.2564102564102564","03/11/2023; 30/01/2024"
"gestionSalaries","Formation_Ouvriers_1758620716.xlsx","formation ouvriers","Ma√Ætre d'apprentissage","date","general","0.07692307692307693","2023-11-07; Ma√Ætre d'apprentissage"
"gestionSalaries","Formation_Ouvriers_1758620716.xlsx","formation ouvriers","Date","date","temporal","0.07692307692307693","2023-03-13; Date"
"gestionSalaries","Formation_Ouvriers_1758620716.xlsx","formation ouvriers","Habilitation Elec","text","general","0.02564102564102564","Habilitation Elec"
"gestionSalaries","Formation_Ouvriers_1758620716.xlsx","formation ouvriers","Risques routiers","date","general","0.46153846153846156","2024-06-28; 2024-06-21"
"gestionSalaries","Formation_Ouvriers_1758620716.xlsx","formation ouvriers","Nacelle CACES","date","financial","0.15384615384615385","2024-04-04; 2023-04-19"
"gestionSalaries","Formation_Ouvriers_1758620716.xlsx","formation ouvriers","AIPR","text","general","0.10256410256410256","2024-04-09; 2023-04-19"
"gestionSalaries","Formation_Ouvriers_1758620716.xlsx","formation ouvriers","Manuscopique CACES","date","financial","0.1282051282051282","2023-07-04; 2024-01-26"
"gestionSalaries","Formation_Ouvriers_1758620716.xlsx","formation ouvriers","TMS","text","general","0.02564102564102564","TMS"
"gestionSalaries","Formation_Ouvriers_1758620716.xlsx","formation ouvriers","Extincteurs","text","general","0.2564102564102564","7 ou 14/04/2023; Extincteurs"
"gestionSalaries","Outillage_MAKITA_1758620723.xlsx","outillage makita üõ†Ô∏è","Name","text","identifier","0.8918918918918919","COFFIN  Nicolas; Subitems"
"gestionSalaries","Outillage_MAKITA_1758620723.xlsx","outillage makita üõ†Ô∏è","Sous-√©l√©ments","text","general","0.21621621621621623","Lame Scie d√©lignage; Name"
"gestionSalaries","Outillage_MAKITA_1758620723.xlsx","outillage makita üõ†Ô∏è","Qualif","text","general","0.7837837837837838","N3 P2 C230; Owner"
"gestionSalaries","Outillage_MAKITA_1758620723.xlsx","outillage makita üõ†Ô∏è","Emploi","text","general","0.8108108108108109","Menuisier polyvalent; Taille"
"gestionSalaries","Outillage_MAKITA_1758620723.xlsx","outillage makita üõ†Ô∏è","Camion","text","financial","0.4594594594594595","Nicolas; Status"
"gestionSalaries","Outillage_MAKITA_1758620723.xlsx","outillage makita üõ†Ô∏è","Visseuse","text","general","0.6486486486486487","MAKITA; Date"
"gestionSalaries","Outillage_MAKITA_1758620723.xlsx","outillage makita üõ†Ô∏è","Choc","text","general","0.5945945945945946","MAKITA; Camion"
"gestionSalaries","Outillage_MAKITA_1758620723.xlsx","outillage makita üõ†Ô∏è","Chargeur","text","general","0.5945945945945946","MAKITA; Camion"
"gestionSalaries","Outillage_MAKITA_1758620723.xlsx","outillage makita üõ†Ô∏è","Perfo","text","general","0.5405405405405406","MAKITA; Camion"
"gestionSalaries","Outillage_MAKITA_1758620723.xlsx","outillage makita üõ†Ô∏è","Nb Batterie","text","general","0.5945945945945946","4 Batteries; Camion"
"gestionSalaries","Outillage_MAKITA_1758620723.xlsx","outillage makita üõ†Ô∏è","Disqueuse","text","general","0.4864864864864865","MAKITA; Camion"
"gestionSalaries","Outillage_MAKITA_1758620723.xlsx","outillage makita üõ†Ô∏è","Sauteuse","text","general","0.3783783783783784","Camion; MAKITA"
"gestionSalaries","Outillage_MAKITA_1758620723.xlsx","outillage makita üõ†Ô∏è","Oscillante","text","general","0.3783783783783784","Camion; FEIN"
"gestionSalaries","Outillage_MAKITA_1758620723.xlsx","outillage makita üõ†Ô∏è","Circulaire","text","general","0.35135135135135137","Camion; MAKITA"
"gestionSalaries","Outillage_MAKITA_1758620723.xlsx","outillage makita üõ†Ô∏è","Sabre","text","general","0.40540540540540543","Camion; A VERIFIER"
"gestionSalaries","Outillage_MAKITA_1758620723.xlsx","outillage makita üõ†Ô∏è","Rabot SS Fil","text","general","0.2972972972972973","Camion; MAKITA"
"gestionSalaries","Outillage_MAKITA_1758620723.xlsx","outillage makita üõ†Ô∏è","Rabot Filaire","text","general","0.32432432432432434","Camion; BOSCH BLEU"
"gestionSalaries","Outillage_MAKITA_1758620723.xlsx","outillage makita üõ†Ô∏è","Cloueur","text","general","0.2702702702702703","Camion; MAKITA"
"gestionSalaries","Outillage_MAKITA_1758620723.xlsx","outillage makita üõ†Ô∏è","Laser","text","general","0.40540540540540543","Camion; BOSCH Vert"
"gestionSalaries","Outillage_MAKITA_1758620723.xlsx","outillage makita üõ†Ô∏è","Scie circulaire 235","text","general","0.3783783783783784","Camion; MAKITA"
"gestionSalaries","Outillage_MAKITA_1758620723.xlsx","outillage makita üõ†Ô∏è","Scie D√©lignage","text","general","0.3783783783783784","Camion; BOSCH GTM12JL D305"
"gestionSalaries","Pi_ces_personnel_1758620698.xlsx","pi√®ces personnel","Name","text","identifier","0.975609756097561","Jos√© LEFEBVRE; Arnaud TRISTRAM"
"gestionSalaries","Pi_ces_personnel_1758620698.xlsx","pi√®ces personnel","Sous-√©l√©ments","text","general","0.024390243902439025","Sous-√©l√©ments"
"gestionSalaries","Pi_ces_personnel_1758620698.xlsx","pi√®ces personnel","FICHE","text","general","0.9512195121951219","Fait; FICHE"
"gestionSalaries","Pi_ces_personnel_1758620698.xlsx","pi√®ces personnel","PERMIS","text","general","0.926829268292683","Fait; Sans Objet"
"gestionSalaries","Pi_ces_personnel_1758620698.xlsx","pi√®ces personnel","PERMIS VERIFIE 2024","date","general","0.14634146341463414","19/03/2024; Fait 2024"
"gestionSalaries","Pi_ces_personnel_1758620698.xlsx","pi√®ces personnel","CNI","text","general","0.926829268292683","Fait; CNI"
"gestionSalaries","Pi_ces_personnel_1758620698.xlsx","pi√®ces personnel","DOC MUTUELLE derogation","text","general","0.8048780487804879","X; Fait"
"gestionSalaries","Pi_ces_personnel_1758620698.xlsx","pi√®ces personnel","ABATTEMENT COUPON REPONSE","text","general","0.8536585365853658","Fait; X"
"gestionSalaries","Pi_ces_personnel_1758620698.xlsx","pi√®ces personnel","DUE","text","general","0.8536585365853658","Fait; DUE"
"gestionSalaries","Pi_ces_personnel_1758620698.xlsx","pi√®ces personnel","CARTE PROBTP","text","financial","0.8536585365853658","Fait; CARTE PROBTP"
"gestionSalaries","Pi_ces_personnel_1758620698.xlsx","pi√®ces personnel","Livret d'accueil","text","general","0.024390243902439025","Livret d'accueil"
"gestionSalaries","Pi_ces_personnel_1758620698.xlsx","pi√®ces personnel","RI","text","general","0.024390243902439025","RI"
"gestionSalaries","_Personnel_bureau_1758620710.xlsx","üë©‚Äçüíª personnel bureau","Name","text","identifier","0.7333333333333333","BAUDART Sylvie; COMBAZ Ludivine"
"gestionSalaries","_Personnel_bureau_1758620710.xlsx","üë©‚Äçüíª personnel bureau","Emploi","text","general","0.6","Technicienne Etudes de prix; Assistante de direction"
"gestionSalaries","_Personnel_bureau_1758620710.xlsx","üë©‚Äçüíª personnel bureau","Anciennet√©","numeric_string","general","0.7333333333333333","16; 4"
"gestionSalaries","_Personnel_bureau_1758620710.xlsx","üë©‚Äçüíª personnel bureau","Date Entr√©e","date","temporal","0.7333333333333333","2009-03-09; 2021-06-01"
"gestionSalaries","_Personnel_bureau_1758620710.xlsx","üë©‚Äçüíª personnel bureau","Date Sortie","date","temporal","0.26666666666666666","Date Sortie; 2024-12-18"
"gestionSalaries","_Personnel_bureau_1758620710.xlsx","üë©‚Äçüíª personnel bureau","Date Naissance","date","temporal","0.6666666666666666","1979-06-01; 1989-12-26"
"gestionSalaries","_Personnel_bureau_1758620710.xlsx","üë©‚Äçüíª personnel bureau","AGE","numeric_string","general","0.6666666666666666","46; 36"
"gestionSalaries","_Personnel_bureau_1758620710.xlsx","üë©‚Äçüíª personnel bureau","Tranche √¢ge","text","general","0.6","40-50; 30-35"
"gestionSalaries","_Personnel_bureau_1758620710.xlsx","üë©‚Äçüíª personnel bureau","Qualif","text","general","0.6","N6 Coef260; N3 Coef190"
"gestionSalaries","_Personnel_bureau_1758620710.xlsx","üë©‚Äçüíª personnel bureau","Coef","numeric_string","general","0.3333333333333333","260; 190"
"gestionSalaries","_Personnel_bureau_1758620710.xlsx","üë©‚Äçüíª personnel bureau","Temps","text","general","0.6","169H-4J; 151H"
"gestionSalaries","_Personnel_bureau_1758620710.xlsx","üë©‚Äçüíª personnel bureau","Th 2025","numeric_string","general","0.4666666666666667","3150; 2600"
"gestionSalaries","_Personnel_bureau_1758620710.xlsx","üë©‚Äçüíª personnel bureau","Prime 2025","numeric_string","general","0.5333333333333333","1500; 500"
"gestionSalaries","_Personnel_bureau_1758620710.xlsx","üë©‚Äçüíª personnel bureau","Th 2024","numeric_string","general","0.6","3049; 2530"
"gestionSalaries","_Personnel_bureau_1758620710.xlsx","üë©‚Äçüíª personnel bureau","Prime 2024","text","general","0.26666666666666666","1000; 500"
"gestionSalaries","_Personnel_bureau_1758620710.xlsx","üë©‚Äçüíª personnel bureau","Th 2023","numeric_string","general","0.4","2906; 2411"
"gestionSalaries","_Personnel_bureau_1758620710.xlsx","üë©‚Äçüíª personnel bureau","Th 2022","numeric_string","general","0.4","2819; 2003"
"gestionSalaries","_Personnel_bureau_1758620710.xlsx","üë©‚Äçüíª personnel bureau","Th 2021","text","general","0.26666666666666666","2819; 1766"
"gestionSalaries","_Personnel_bureau_1758620710.xlsx","üë©‚Äçüíª personnel bureau","Th 2020","text","general","0.2","2600; Th 2020"
"gestionSalaries","_Personnel_bureau_1758620710.xlsx","üë©‚Äçüíª personnel bureau","üìà 24-25","numeric_string","general","0.7333333333333333","3.312561496; 2.766798419"
"gestionSalaries","_Personnel_bureau_1758620710.xlsx","üë©‚Äçüíª personnel bureau","üìà 23-24","numeric_string","general","0.5333333333333333","4.920853407; 4.935711323"
"gestionSalaries","_Personnel_bureau_1758620710.xlsx","üë©‚Äçüíª personnel bureau","üìà 22-23","numeric_string","general","0.4666666666666667","3.08620078; 20.36944583"
"gestionSalaries","_Personnel_bureau_1758620710.xlsx","üë©‚Äçüíª personnel bureau","Adresse","text","general","0.13333333333333333","Adresse"
"gestionSalaries","_Personnel_bureau_1758620710.xlsx","üë©‚Äçüíª personnel bureau","Lieu","text","general","0.13333333333333333","Lieu"
"gestionSalaries","_Personnel_bureau_1758620710.xlsx","üë©‚Äçüíª personnel bureau","Contrat","text","general","0.13333333333333333","Contrat"
"gestionSalaries","_Personnel_bureau_1758620710.xlsx","üë©‚Äçüíª personnel bureau","Mutuelle","text","general","0.13333333333333333","Mutuelle"
"gestionSalaries","_Personnel_bureau_1758620710.xlsx","üë©‚Äçüíª personnel bureau","Cout mutuelle salari√© paie novembre","text","general","0.13333333333333333","Cout mutuelle salari√© paie novembre"
"gestionSalaries","_Personnel_chantier_1758620704.xlsx","üë∑‚Äç‚ôÇÔ∏è personnel chanti","Name","text","identifier","0.9111111111111111","COFFIN  Nicolas; DUMETZ Mathis"
"gestionSalaries","_Personnel_chantier_1758620704.xlsx","üë∑‚Äç‚ôÇÔ∏è personnel chanti","Sous-√©l√©ments","text","general","0.044444444444444446","Sous-√©l√©ments"
"gestionSalaries","_Personnel_chantier_1758620704.xlsx","üë∑‚Äç‚ôÇÔ∏è personnel chanti","Emploi","text","general","0.8666666666666667","Chef d'√©quipe; Apprenti menuisier"
"gestionSalaries","_Personnel_chantier_1758620704.xlsx","üë∑‚Äç‚ôÇÔ∏è personnel chanti","Anciennet√©","numeric_string","general","0.9111111111111111","19; 4"
"gestionSalaries","_Personnel_chantier_1758620704.xlsx","üë∑‚Äç‚ôÇÔ∏è personnel chanti","Niveau d'√©tudes","text","general","0.4888888888888889","CAP CHARPENTIER; BEP MENUISIER"
"gestionSalaries","_Personnel_chantier_1758620704.xlsx","üë∑‚Äç‚ôÇÔ∏è personnel chanti","Date Entr√©e","date","temporal","0.9111111111111111","2006-08-23; 2021-10-11"
"gestionSalaries","_Personnel_chantier_1758620704.xlsx","üë∑‚Äç‚ôÇÔ∏è personnel chanti","Date Sortie","date","temporal","0.4888888888888889","2025-08-29; 2025-03-07"
"gestionSalaries","_Personnel_chantier_1758620704.xlsx","üë∑‚Äç‚ôÇÔ∏è personnel chanti","Date Naissance","date","temporal","0.8666666666666667","1980-08-18; 2006-10-10"
"gestionSalaries","_Personnel_chantier_1758620704.xlsx","üë∑‚Äç‚ôÇÔ∏è personnel chanti","AGE","numeric_string","general","0.8666666666666667","45; 19"
"gestionSalaries","_Personnel_chantier_1758620704.xlsx","üë∑‚Äç‚ôÇÔ∏è personnel chanti","Tranche √¢ge","text","general","0.8666666666666667","40-45; 16-20"
"gestionSalaries","_Personnel_chantier_1758620704.xlsx","üë∑‚Äç‚ôÇÔ∏è personnel chanti","Qualif","text","general","0.8666666666666667","N3 P2 C230; Apprenti"
"gestionSalaries","_Personnel_chantier_1758620704.xlsx","üë∑‚Äç‚ôÇÔ∏è personnel chanti","Coef","numeric_string","general","0.8666666666666667","230; 150"
"gestionSalaries","_Personnel_chantier_1758620704.xlsx","üë∑‚Äç‚ôÇÔ∏è personnel chanti","Th 2025","numeric_string","general","0.7333333333333333","14.769; 16.068"
"gestionSalaries","_Personnel_chantier_1758620704.xlsx","üë∑‚Äç‚ôÇÔ∏è personnel chanti","Th 2024","numeric_string","general","0.7555555555555555","14.479; 6.51"
"gestionSalaries","_Personnel_chantier_1758620704.xlsx","üë∑‚Äç‚ôÇÔ∏è personnel chanti","Th 2023","numeric_string","general","0.5333333333333333","14.307; 0"
"gestionSalaries","_Personnel_chantier_1758620704.xlsx","üë∑‚Äç‚ôÇÔ∏è personnel chanti","Th2022","numeric_string","general","0.4","13.564; 14.682"
"gestionSalaries","_Personnel_chantier_1758620704.xlsx","üë∑‚Äç‚ôÇÔ∏è personnel chanti","Th2021","numeric_string","general","0.35555555555555557","13.233; 14.324"
"gestionSalaries","_Personnel_chantier_1758620704.xlsx","üë∑‚Äç‚ôÇÔ∏è personnel chanti","Th2020","numeric_string","general","0.28888888888888886","13.233; 14.318"
"gestionSalaries","_Personnel_chantier_1758620704.xlsx","üë∑‚Äç‚ôÇÔ∏è personnel chanti","Augmentation","numeric_string","general","0.5111111111111111","1.202208709; 2.134402691"
"gestionSalaries","_Personnel_chantier_1758620704.xlsx","üë∑‚Äç‚ôÇÔ∏è personnel chanti","Lieu","text","general","0.7333333333333333","20 Rue Principale, 62380 Acquin-Westb√©court, France; 715 Rue de Fruges, Bomy, France"
"gestionSalaries","_Personnel_chantier_1758620704.xlsx","üë∑‚Äç‚ôÇÔ∏è personnel chanti","Mutuelle","text","general","0.6222222222222222","Seul; Parent"
"gestionSalaries","_Personnel_chantier_1758620704.xlsx","üë∑‚Äç‚ôÇÔ∏è personnel chanti","Adresse","text","general","0.7777777777777778","20 r Principale - 62380 ACQUIN; 715 rue de fruges Hameau de groeuppe 62960 BOMY"
"gestionSalaries","_Personnel_chantier_1758620704.xlsx","üë∑‚Äç‚ôÇÔ∏è personnel chanti","Contrat","text","general","0.8","39H (35h+17H33); 39H (35h+17H33) sauf au CFA 35H"
"gestionSalaries","_Personnel_chantier_1758620704.xlsx","üë∑‚Äç‚ôÇÔ∏è personnel chanti","Cout mutuelle salari√© paie novembre","numeric_string","general","0.4","37.56; 0"
"gestionGenerale","Heures_Insertion_1758620671.xlsx","heures insertion","Name","text","identifier","0.7916666666666666","ETAPLES GRAND LARGE; BETHUNE"
"gestionGenerale","Heures_Insertion_1758620671.xlsx","heures insertion","Sous-√©l√©ments","text","general","0.08333333333333333","Sous-√©l√©ments"
"gestionGenerale","Heures_Insertion_1758620671.xlsx","heures insertion","Statut","text","status","0.4166666666666667","En cours; Statut"
"gestionGenerale","Heures_Insertion_1758620671.xlsx","heures insertion","Date","date","temporal","0.375","Date; 2024-02-13"
"gestionGenerale","Heures_Insertion_1758620671.xlsx","heures insertion","P√©riode - Start","date","temporal","0.5","P√©riode - Start; 2024-01-01"
"gestionGenerale","Heures_Insertion_1758620671.xlsx","heures insertion","P√©riode - End","date","temporal","0.5","P√©riode - End; 2024-02-29"
"gestionGenerale","Heures_Insertion_1758620671.xlsx","heures insertion","Nbres Heures","numeric_string","general","0.6666666666666666","309; 364"
"gestionGenerale","Heures_Insertion_1758620671.xlsx","heures insertion","Notes","text","general","0.5","32 h tom pernel RES + 24 H OPALE+39h+39h+20.5+39H + 36.5 + 28 =258; KONATE"
"gestionGenerale","Heures_Insertion_1758620671.xlsx","heures insertion","Organismes","text","general","0.4166666666666667","ADEFI Laetitia PLASSCHAERT; MIPE LEROY Fabienne"
"gestionGenerale","JLM_CHANTIERS_1758620597.xlsx","jlm chantiers","Nom","text","identifier","0.875","ECQUES BUREAUX JLM; BETHUNE BUDAPEST"
"gestionGenerale","JLM_CHANTIERS_1758620597.xlsx","jlm chantiers","Admin","text","general","0.875","Julien LAMBOROT; Nicolas LOVERGNE"
"gestionGenerale","JLM_CHANTIERS_1758620597.xlsx","jlm chantiers","Sant√© du projet (RAG)","text","project","0.875","√Ä risque; Sant√© du projet"
"gestionGenerale","JLM_CHANTIERS_1758620597.xlsx","jlm chantiers","Progression du projet","text","project","0.75","Future steps, Working on it; Done, Working on it"
"gestionGenerale","JLM_CHANTIERS_1758620597.xlsx","jlm chantiers","Priorit√©","text","general","0.125","√âlev√©e"
"gestionGenerale","JLM_CHANTIERS_1758620597.xlsx","jlm chantiers","Lot","text","project","0.75","Menu Ext; Charpente/Ossature"
"gestionGenerale","JLM_CHANTIERS_1758620597.xlsx","jlm chantiers","√âtape","text","general","0.875","√Ä venir"
"gestionGenerale","JLM_CHANTIERS_1758620597.xlsx","jlm chantiers","CA","numeric_string","financial","0.875","80000; 627508"
"gestionGenerale","JLM_CHANTIERS_1758620597.xlsx","jlm chantiers","Nb Heures","numeric_string","general","0.875","80; 2050"
"gestionGenerale","JLM_CHANTIERS_1758620597.xlsx","jlm chantiers","Effectif pr√©vu","numeric_string","general","0.875","2"
"gestionGenerale","JLM_CHANTIERS_1758620597.xlsx","jlm chantiers","Nb J Equipe","numeric_string","general","0.875","5; 128"
"gestionGenerale","JLM_CHANTIERS_1758620597.xlsx","jlm chantiers","Nb Heures R√©alis√©es","numeric_string","general","0.125","11"
"gestionGenerale","JLM_CHANTIERS_1758620597.xlsx","jlm chantiers","Nb Heure restantes","numeric_string","general","0.875","69; 2050"
"gestionGenerale","JLM_CHANTIERS_1758620597.xlsx","jlm chantiers","Nb JEq restant","numeric_string","general","0.875","8; 129"
"gestionGenerale","JLM_CHANTIERS_1758620597.xlsx","jlm chantiers","Date D√©marrage","date","temporal","0.375","2025-04-21; 2025-09-01"
"gestionGenerale","JLM_CHANTIERS_1758620597.xlsx","jlm chantiers","Calendrier planifi√© - Start","date","temporal","0.875","2025-05-01; 2025-10-29"
"gestionGenerale","JLM_CHANTIERS_1758620597.xlsx","jlm chantiers","Calendrier planifi√© - End","date","temporal","0.875","2025-05-12; 2026-04-27"
"gestionGenerale","JLM_CHANTIERS_1758620597.xlsx","jlm chantiers","√âch√©ancier r√©el","text","general","0.75","2025-04-28 - 2025-05-12, 2025-06-09 - 2025-06-11; 2025-03-16 - 2025-03-22, 2025-04-01 - 2025-04-15"
"gestionGenerale","JLM_CHANTIERS_1758620597.xlsx","jlm chantiers","R√©sum√© du statut du projet","url","status","0.25","https://jlm-hdf.monday.com/docs/8757584343; https://jlm-hdf.monday.com/docs/8882740002"
"gestionGenerale","JLM_CHANTIERS_1758620597.xlsx","jlm chantiers","Description du projet","text","project","0.125","Constrcution des bureau JLM"
"projetsSpecifiques","PERENCHIES_10_14_-_Portes_de_Hall_1758620845.xlsx","perenchies 10+14 - po","Name","text","identifier","0.7","Task 1; Task 2"
"projetsSpecifiques","PERENCHIES_10_14_-_Portes_de_Hall_1758620845.xlsx","perenchies 10+14 - po","Owner","text","general","0.3","Julien LAMBOROT; Owner"
"projetsSpecifiques","PERENCHIES_10_14_-_Portes_de_Hall_1758620845.xlsx","perenchies 10+14 - po","Status","text","status","0.4","Done; Working on it"
"projetsSpecifiques","PERENCHIES_10_14_-_Portes_de_Hall_1758620845.xlsx","perenchies 10+14 - po","Priority","text","general","0.4","Low; Medium"
"projetsSpecifiques","PERENCHIES_10_14_-_Portes_de_Hall_1758620845.xlsx","perenchies 10+14 - po","Timeline - Start","date","temporal","0.5","2025-03-16; 2025-04-01"
"projetsSpecifiques","PERENCHIES_10_14_-_Portes_de_Hall_1758620845.xlsx","perenchies 10+14 - po","Timeline - End","date","temporal","0.5","2025-03-22; 2025-04-15"
"projetsSpecifiques","PERENCHIES_10_14_-_Portes_de_Hall_1758620845.xlsx","perenchies 10+14 - po","Dependent On","text","temporal","0.3","Task 1; Dependent On"
"projetsSpecifiques","PERENCHIES_10_14_-_Portes_de_Hall_1758620845.xlsx","perenchies 10+14 - po","Duration","text","general","0.4","7; 15"
"projetsSpecifiques","PERENCHIES_10_14_-_Portes_de_Hall_1758620845.xlsx","perenchies 10+14 - po","Planned Effort","text","general","0.4","12; 22"
"projetsSpecifiques","PERENCHIES_10_14_-_Portes_de_Hall_1758620845.xlsx","perenchies 10+14 - po","Effort Spent","text","general","0.4","8; 20"
"projetsSpecifiques","PERENCHIES_10_14_-_Portes_de_Hall_1758620845.xlsx","perenchies 10+14 - po","Budget","text","financial","0.4","10000; 2000"
"projetsSpecifiques","PERENCHIES_10_14_-_Portes_de_Hall_1758620845.xlsx","perenchies 10+14 - po","Completion Date","text","temporal","0.4","2025-03-02; Completion Date"
"projetsSpecifiques","PERENCHIES_10_14_-_Portes_de_Hall_1758620845.xlsx","perenchies 10+14 - po","link to JLM CHANTIERS","text","project","0.5","PERENCHIES 10+14 - Portes de Hall; link to JLM CHANTIERS"
"gestionGenerale","P_RENCHIES_-_Charpente_Brisis_1758620839.xlsx","p√©renchies - charpent","Name","text","identifier","0.7","Task 1; Task 2"
"gestionGenerale","P_RENCHIES_-_Charpente_Brisis_1758620839.xlsx","p√©renchies - charpent","Owner","text","general","0.3","Julien LAMBOROT; Owner"
"gestionGenerale","P_RENCHIES_-_Charpente_Brisis_1758620839.xlsx","p√©renchies - charpent","Status","text","status","0.4","Done; Working on it"
"gestionGenerale","P_RENCHIES_-_Charpente_Brisis_1758620839.xlsx","p√©renchies - charpent","Priority","text","general","0.4","Low; Medium"
"gestionGenerale","P_RENCHIES_-_Charpente_Brisis_1758620839.xlsx","p√©renchies - charpent","Timeline - Start","date","temporal","0.5","2025-03-16; 2025-04-01"
"gestionGenerale","P_RENCHIES_-_Charpente_Brisis_1758620839.xlsx","p√©renchies - charpent","Timeline - End","date","temporal","0.5","2025-03-22; 2025-04-15"
"gestionGenerale","P_RENCHIES_-_Charpente_Brisis_1758620839.xlsx","p√©renchies - charpent","Dependent On","text","temporal","0.3","Task 1; Dependent On"
"gestionGenerale","P_RENCHIES_-_Charpente_Brisis_1758620839.xlsx","p√©renchies - charpent","Duration","text","general","0.4","7; 15"
"gestionGenerale","P_RENCHIES_-_Charpente_Brisis_1758620839.xlsx","p√©renchies - charpent","Planned Effort","text","general","0.4","12; 22"
"gestionGenerale","P_RENCHIES_-_Charpente_Brisis_1758620839.xlsx","p√©renchies - charpent","Effort Spent","text","general","0.4","8; 20"
"gestionGenerale","P_RENCHIES_-_Charpente_Brisis_1758620839.xlsx","p√©renchies - charpent","Budget","text","financial","0.4","10000; 2000"
"gestionGenerale","P_RENCHIES_-_Charpente_Brisis_1758620839.xlsx","p√©renchies - charpent","Completion Date","text","temporal","0.4","2025-03-02; Completion Date"
"gestionGenerale","P_RENCHIES_-_Charpente_Brisis_1758620839.xlsx","p√©renchies - charpent","link to JLM CHANTIERS","text","project","0.5","P√âRENCHIES - Charpente Brisis; link to JLM CHANTIERS"
"planningChantier","BOULOGNE_1758620773.xlsx","boulogne","Name","text","identifier","0.7","Ligne 1; Ligne 2"
"planningChantier","BOULOGNE_1758620773.xlsx","boulogne","Personne","text","contact","0.1","Personne"
"planningChantier","BOULOGNE_1758620773.xlsx","boulogne","Statut","text","status","0.4","Fait; En cours"
"planningChantier","BOULOGNE_1758620773.xlsx","boulogne","P√©riode - Start","date","temporal","0.8","2024-10-26; 2024-10-23"
"planningChantier","BOULOGNE_1758620773.xlsx","boulogne","P√©riode - End","date","temporal","0.8","2024-10-27; 2024-10-28"
"planningChantier","Boulogne_1758620768.xlsx","boulogne","Name","text","identifier","0.9811320754716981","Appt 74; Appt 80"
"planningChantier","Boulogne_1758620768.xlsx","boulogne","colonne","text","general","0.9716981132075472","C1; C2"
"planningChantier","Boulogne_1758620768.xlsx","boulogne","entr√©e","numeric_string","general","0.49056603773584906","93; 89"
"planningChantier","Boulogne_1758620768.xlsx","boulogne","BATIMENT","text","general","0.49056603773584906","A; B"
"planningChantier","Boulogne_1758620768.xlsx","boulogne","Etage","text","general","0.49056603773584906","0RDC; Etage"
"planningChantier","Boulogne_1758620768.xlsx","boulogne","TYPE","text","general","0.9716981132075472","TYPE 3; TYPE 2"
"planningChantier","Boulogne_1758620768.xlsx","boulogne","PREVISION RDV","text","general","0.3018867924528302","23/09/24; 01/10/24"
"planningChantier","Boulogne_1758620768.xlsx","boulogne","DEBUT POSE","text","general","0.3018867924528302","23/09/24; 01/10/24"
"planningChantier","Boulogne_1758620768.xlsx","boulogne","Temps/lgt","numeric_string","general","0.9811320754716981","2.5; 2"
"planningChantier","Boulogne_1758620768.xlsx","boulogne","Date de fin","text","temporal","0.3018867924528302","24 sept.; 25 sept."
"planningChantier","Boulogne_1758620768.xlsx","boulogne","DEBUT POSE","text","general","0.3018867924528302","23/09/24; 01/10/24"
"planningChantier","Boulogne_1758620768.xlsx","boulogne","√âch√©ances - Start","date","temporal","0.4056603773584906","2024-10-23; 2024-09-23"
"planningChantier","Boulogne_1758620768.xlsx","boulogne","√âch√©ances - End","date","temporal","0.4056603773584906","2024-10-25; 2024-10-24"
"planningChantier","Boulogne_1758620768.xlsx","boulogne","Chiffres","numeric_string","general","0.4009433962264151","2.5; 2"
"planningChantier","Boulogne_1758620768.xlsx","boulogne","FIN POSE","text","temporal","0.3018867924528302","30/09/24; 03/10/24"
"planningChantier","Boulogne_1758620768.xlsx","boulogne","QUITUS","text","general","0.009433962264150943","QUITUS"
"planningChantier","Boulogne_1758620768.xlsx","boulogne","liv. KLINE","numeric_string","general","0.6509433962264151","42; 38"
"planningChantier","Boulogne_1758620768.xlsx","boulogne","LIV DEYA","numeric_string","general","0.9716981132075472","43; 39"
"planningChantier","Boulogne_1758620768.xlsx","boulogne","LIV SOFERMI","numeric_string","general","0.9716981132075472","44; 38"
"planningChantier","Boulogne_1758620768.xlsx","boulogne","A","numeric_string","general","0.19811320754716982","1; A"
"planningChantier","Boulogne_1758620768.xlsx","boulogne","D","numeric_string","general","0.04716981132075472","1; D"
"planningChantier","Boulogne_1758620768.xlsx","boulogne","CUMUL","numeric_string","general","0.5377358490566038","1; 0"
"planningChantier","Boulogne_1758620768.xlsx","boulogne","Mois de facturation","numeric_string","general","0.16981132075471697","1; Mois de facturation"
"planningChantier","Boulogne_1758620768.xlsx","boulogne","Equipe","text","general","0.009433962264150943","Equipe"
"planningChantier","CAMPAGNE_1758620806.xlsx","campagne","Nom","text","identifier","0.8148148148148148","Bardage Zinc; Bardage Bois Ext"
"planningChantier","CAMPAGNE_1758620806.xlsx","campagne","Sous-t√¢ches","text","general","0.07407407407407407","Sous-t√¢ches"
"planningChantier","CAMPAGNE_1758620806.xlsx","campagne","Admin","text","general","0.07407407407407407","Admin"
"planningChantier","CAMPAGNE_1758620806.xlsx","campagne","Statut","text","status","0.7407407407407407","En cours; √âtapes futures"
"planningChantier","CAMPAGNE_1758620806.xlsx","campagne","√âch√©ancier - Start","date","temporal","0.8518518518518519","2023-09-12; 2023-09-21"
"planningChantier","CAMPAGNE_1758620806.xlsx","campagne","√âch√©ancier - End","date","temporal","0.8518518518518519","2023-09-20; 2023-11-01"
"planningChantier","CAMPAGNE_1758620806.xlsx","campagne","Dur√©e","numeric_string","general","0.7407407407407407","7; 30"
"planningChantier","CAMPAGNE_1758620806.xlsx","campagne","D√©pend de","text","temporal","0.5555555555555556","Bardage Zinc; Bardage Bois Ext"
"planningChantier","CAMPAGNE_1758620806.xlsx","campagne","Effort pr√©vu","numeric_string","general","0.6296296296296297","112; 691"
"planningChantier","CAMPAGNE_1758620806.xlsx","campagne","Effort r√©alis√©","numeric_string","general","0.18518518518518517","Effort r√©alis√©; 5"
"planningChantier","CAMPAGNE_1758620806.xlsx","campagne","Nb Hommes","numeric_string","general","0.5555555555555556","3; 4"
"planningChantier","CAMPAGNE_1758620806.xlsx","campagne","Effort Pr√©vu Jours O.","numeric_string","general","0.6296296296296297","4.666666667; 21.59375"
"planningChantier","CAMPAGNE_1758620806.xlsx","campagne","Date d'ach√®vement","text","temporal","0.07407407407407407","Date d'ach√®vement"
"planningChantier","CAMPAGNE_1758620806.xlsx","campagne","Statut d'ach√®vement","text","status","0.07407407407407407","Statut d'ach√®vement"
"planningChantier","FRUGES_1758620811.xlsx","fruges","Nom","text","identifier","0.7","Ossature; Livraison"
"planningChantier","FRUGES_1758620811.xlsx","fruges","Sous-t√¢ches","text","general","0.13333333333333333","Sous-t√¢ches"
"planningChantier","FRUGES_1758620811.xlsx","fruges","Admin","text","general","0.13333333333333333","Admin"
"planningChantier","FRUGES_1758620811.xlsx","fruges","Statut","text","status","0.13333333333333333","Statut"
"planningChantier","FRUGES_1758620811.xlsx","fruges","√âch√©ancier - Start","date","temporal","0.6333333333333333","2023-10-12; 2023-10-23"
"planningChantier","FRUGES_1758620811.xlsx","fruges","√âch√©ancier - End","date","temporal","0.6333333333333333","2023-10-17; 2023-10-23"
"planningChantier","FRUGES_1758620811.xlsx","fruges","Dur√©e","numeric_string","general","0.4666666666666667","4; 1"
"planningChantier","FRUGES_1758620811.xlsx","fruges","D√©pend de","text","temporal","0.3","Ossature; Livraison"
"planningChantier","FRUGES_1758620811.xlsx","fruges","Effort pr√©vu","numeric_string","general","0.36666666666666664","136; 108"
"planningChantier","FRUGES_1758620811.xlsx","fruges","Effort r√©alis√©","text","general","0.16666666666666666","0; Effort r√©alis√©"
"planningChantier","FRUGES_1758620811.xlsx","fruges","Nb Hommes","numeric_string","general","0.43333333333333335","2; 0"
"planningChantier","FRUGES_1758620811.xlsx","fruges","Effort Pr√©vu Jours O.","numeric_string","general","0.5666666666666667","8.5; 6.75"
"planningChantier","FRUGES_1758620811.xlsx","fruges","Date d'ach√®vement","text","temporal","0.2","2023-11-02; Date d'ach√®vement"
"planningChantier","FRUGES_1758620811.xlsx","fruges","Statut d'ach√®vement","text","status","0.13333333333333333","Statut d'ach√®vement"
"planningChantier","FRUGES_TS_1758620823.xlsx","fruges ts","Name","text","identifier","0.7058823529411765","Ossature; Isolation"
"planningChantier","FRUGES_TS_1758620823.xlsx","fruges ts","Personne","text","contact","0.11764705882352941","Personne"
"planningChantier","FRUGES_TS_1758620823.xlsx","fruges ts","Statut","text","status","0.4117647058823529","Fait; En cours"
"planningChantier","FRUGES_TS_1758620823.xlsx","fruges ts","P√©riode - Start","date","temporal","0.7058823529411765","2023-09-11; 2023-09-18"
"planningChantier","FRUGES_TS_1758620823.xlsx","fruges ts","P√©riode - End","date","temporal","0.7058823529411765","2023-09-15; 2023-09-19"
"planningChantier","FRUGES_TS_1758620823.xlsx","fruges ts","Subitems","text","general","0.11764705882352941","Subitems"
"planningChantier","FRUGES_TS_1758620823.xlsx","fruges ts","TEMPS EN H","numeric_string","general","0.4117647058823529","TEMPS EN H; 28"
"planningChantier","FRUGES_TS_1758620823.xlsx","fruges ts","ChiffresH/Qt","numeric_string","general","0.4117647058823529","ChiffresH/Qt; 0.7"
"planningChantier","FRUGES_TS_1758620823.xlsx","fruges ts","qt","numeric_string","general","0.4117647058823529","qt; 40"
"planningChantier","PLANNING_SYMPHONIE_1758620816.xlsx","planning symphonie","Name","text","identifier","0.75","ossature Appliques; BARDAGE"
"planningChantier","PLANNING_SYMPHONIE_1758620816.xlsx","planning symphonie","D√©pendance","text","temporal","0.3","D√©pendance; ossature Appliques"
"planningChantier","PLANNING_SYMPHONIE_1758620816.xlsx","planning symphonie","Personne","text","contact","0.1","Personne"
"planningChantier","PLANNING_SYMPHONIE_1758620816.xlsx","planning symphonie","P√©riode - Start","date","temporal","0.8","2024-04-22; P√©riode - Start"
"planningChantier","PLANNING_SYMPHONIE_1758620816.xlsx","planning symphonie","P√©riode - End","date","temporal","0.8","2024-04-25; P√©riode - End"
"planningChantier","PLANNING_SYMPHONIE_1758620816.xlsx","planning symphonie","Nb de jours planning","numeric_string","general","0.65","4; Nb de jours planning"
"planningChantier","PLANNING_SYMPHONIE_1758620816.xlsx","planning symphonie","Subitems","text","general","0.1","Subitems"
"planningChantier","PLANNING_SYMPHONIE_1758620816.xlsx","planning symphonie","EFFORT PLANNING","numeric_string","general","0.8","22; EFFORT PLANNING"
"planningChantier","PLANNING_SYMPHONIE_1758620816.xlsx","planning symphonie","Nb Hommes","numeric_string","general","0.6","4; Nb Hommes"
"planningChantier","PLANNING_SYMPHONIE_1758620816.xlsx","planning symphonie","Effort pr√©vu","numeric_string","general","0.65","22; Effort pr√©vu"
"planningChantier","PLANNING_SYMPHONIE_1758620816.xlsx","planning symphonie","Dur√©e en Jours","numeric_string","general","0.75","0.6875; Dur√©e en Jours"
"planningChantier","PLANNING_SYMPHONIE_1758620816.xlsx","planning symphonie","Effort r√©alis√©","text","general","0.15","Effort r√©alis√©; 0"
"planningChantier","Planning_BETHUNE_1758620799.xlsx","planning bethune","Nom","text","identifier","0.8695652173913043","Dossier technique; Validation dossier technique"
"planningChantier","Planning_BETHUNE_1758620799.xlsx","planning bethune","Sous-t√¢ches","text","general","0.043478260869565216","Sous-t√¢ches"
"planningChantier","Planning_BETHUNE_1758620799.xlsx","planning bethune","Admin","text","general","0.043478260869565216","Admin"
"planningChantier","Planning_BETHUNE_1758620799.xlsx","planning bethune","Statut","text","status","0.043478260869565216","Statut"
"planningChantier","Planning_BETHUNE_1758620799.xlsx","planning bethune","√âch√©ancier - Start","date","temporal","0.9130434782608695","2025-03-03; 2025-03-24"
"planningChantier","Planning_BETHUNE_1758620799.xlsx","planning bethune","√âch√©ancier - End","date","temporal","0.9130434782608695","2025-03-21; 2025-03-24"
"planningChantier","Planning_BETHUNE_1758620799.xlsx","planning bethune","Dur√©e","numeric_string","general","0.8260869565217391","15; 0"
"planningChantier","Planning_BETHUNE_1758620799.xlsx","planning bethune","D√©pend de","text","temporal","0.782608695652174","Dossier technique; Validation dossier technique"
"planningChantier","Planning_BETHUNE_1758620799.xlsx","planning bethune","Effort pr√©vu","text","general","0.043478260869565216","Effort pr√©vu"
"planningChantier","Planning_BETHUNE_1758620799.xlsx","planning bethune","Effort r√©alis√©","numeric_string","general","0.08695652173913043","Effort r√©alis√©; 0"
"planningChantier","Planning_BETHUNE_1758620799.xlsx","planning bethune","Date d'ach√®vement","text","temporal","0.043478260869565216","Date d'ach√®vement"
"planningChantier","Planning_BETHUNE_1758620799.xlsx","planning bethune","Statut d'ach√®vement","text","status","0.043478260869565216","Statut d'ach√®vement"
"planningChantier","Planning_ETAPLES_GRAND_LARGE_men_ext_1758620793.xlsx","planning etaples gran","Nom","text","identifier","0.8","Ajouter t√¢che; Dossier technique"
"planningChantier","Planning_ETAPLES_GRAND_LARGE_men_ext_1758620793.xlsx","planning etaples gran","Sous-t√¢ches","text","general","0.06666666666666667","Sous-t√¢ches"
"planningChantier","Planning_ETAPLES_GRAND_LARGE_men_ext_1758620793.xlsx","planning etaples gran","Admin","text","general","0.06666666666666667","Admin"
"planningChantier","Planning_ETAPLES_GRAND_LARGE_men_ext_1758620793.xlsx","planning etaples gran","Statut","text","status","0.06666666666666667","Statut"
"planningChantier","Planning_ETAPLES_GRAND_LARGE_men_ext_1758620793.xlsx","planning etaples gran","√âch√©ancier - Start","date","temporal","0.8","2024-08-26; 2024-09-18"
"planningChantier","Planning_ETAPLES_GRAND_LARGE_men_ext_1758620793.xlsx","planning etaples gran","√âch√©ancier - End","date","temporal","0.8","2024-09-13; 2024-09-18"
"planningChantier","Planning_ETAPLES_GRAND_LARGE_men_ext_1758620793.xlsx","planning etaples gran","Dur√©e","numeric_string","general","0.6666666666666666","15; 1"
"planningChantier","Planning_ETAPLES_GRAND_LARGE_men_ext_1758620793.xlsx","planning etaples gran","D√©pend de","text","temporal","0.6","Dossier technique; Validation dossier technique"
"planningChantier","Planning_ETAPLES_GRAND_LARGE_men_ext_1758620793.xlsx","planning etaples gran","Effort pr√©vu","text","general","0.06666666666666667","Effort pr√©vu"
"planningChantier","Planning_ETAPLES_GRAND_LARGE_men_ext_1758620793.xlsx","planning etaples gran","Effort r√©alis√©","numeric_string","general","0.13333333333333333","Effort r√©alis√©; 0"
"planningChantier","Planning_ETAPLES_GRAND_LARGE_men_ext_1758620793.xlsx","planning etaples gran","Date d'ach√®vement","text","temporal","0.06666666666666667","Date d'ach√®vement"
"planningChantier","Planning_ETAPLES_GRAND_LARGE_men_ext_1758620793.xlsx","planning etaples gran","Statut d'ach√®vement","text","status","0.06666666666666667","Statut d'ach√®vement"
"planningChantier","Planning_ETAPLES_GRAND_LARGE_men_int_1758620787.xlsx","planning etaples gran","Nom","text","identifier","0.7857142857142857","Dossier technique; Validation dossier technique"
"planningChantier","Planning_ETAPLES_GRAND_LARGE_men_int_1758620787.xlsx","planning etaples gran","Sous-t√¢ches","text","general","0.07142857142857142","Sous-t√¢ches"
"planningChantier","Planning_ETAPLES_GRAND_LARGE_men_int_1758620787.xlsx","planning etaples gran","Admin","text","general","0.07142857142857142","Admin"
"planningChantier","Planning_ETAPLES_GRAND_LARGE_men_int_1758620787.xlsx","planning etaples gran","Statut","text","status","0.07142857142857142","Statut"
"planningChantier","Planning_ETAPLES_GRAND_LARGE_men_int_1758620787.xlsx","planning etaples gran","√âch√©ancier - Start","date","temporal","0.8571428571428571","2024-08-26; 2024-09-18"
"planningChantier","Planning_ETAPLES_GRAND_LARGE_men_int_1758620787.xlsx","planning etaples gran","√âch√©ancier - End","date","temporal","0.8571428571428571","2024-09-13; 2024-09-18"
"planningChantier","Planning_ETAPLES_GRAND_LARGE_men_int_1758620787.xlsx","planning etaples gran","Dur√©e","numeric_string","general","0.7142857142857143","15; 1"
"planningChantier","Planning_ETAPLES_GRAND_LARGE_men_int_1758620787.xlsx","planning etaples gran","D√©pend de","text","temporal","0.6428571428571429","Dossier technique; Validation dossier technique"
"planningChantier","Planning_ETAPLES_GRAND_LARGE_men_int_1758620787.xlsx","planning etaples gran","Effort pr√©vu","text","general","0.07142857142857142","Effort pr√©vu"
"planningChantier","Planning_ETAPLES_GRAND_LARGE_men_int_1758620787.xlsx","planning etaples gran","Effort r√©alis√©","numeric_string","general","0.14285714285714285","Effort r√©alis√©; 0"
"planningChantier","Planning_ETAPLES_GRAND_LARGE_men_int_1758620787.xlsx","planning etaples gran","Date d'ach√®vement","text","temporal","0.07142857142857142","Date d'ach√®vement"
"planningChantier","Planning_ETAPLES_GRAND_LARGE_men_int_1758620787.xlsx","planning etaples gran","Statut d'ach√®vement","text","status","0.07142857142857142","Statut d'ach√®vement"
"planningChantier","Planning_LONGUENESSE_85_1758620780.xlsx","planning longuenesse ","Nom","text","identifier","0.8125","Dossier technique; Validation dossier technique"
"planningChantier","Planning_LONGUENESSE_85_1758620780.xlsx","planning longuenesse ","Sous-t√¢ches","text","general","0.0625","Sous-t√¢ches"
"planningChantier","Planning_LONGUENESSE_85_1758620780.xlsx","planning longuenesse ","Admin","text","general","0.0625","Admin"
"planningChantier","Planning_LONGUENESSE_85_1758620780.xlsx","planning longuenesse ","Statut","text","status","0.0625","Statut"
"planningChantier","Planning_LONGUENESSE_85_1758620780.xlsx","planning longuenesse ","√âch√©ancier - Start","date","temporal","0.875","2025-02-03; 2025-06-23"
"planningChantier","Planning_LONGUENESSE_85_1758620780.xlsx","planning longuenesse ","√âch√©ancier - End","date","temporal","0.875","2025-02-21; 2025-06-23"
"planningChantier","Planning_LONGUENESSE_85_1758620780.xlsx","planning longuenesse ","Chiffres","text","general","0.125","0; Chiffres"
"planningChantier","Planning_LONGUENESSE_85_1758620780.xlsx","planning longuenesse ","Dur√©e","numeric_string","general","0.75","15; 1"
"planningChantier","Planning_LONGUENESSE_85_1758620780.xlsx","planning longuenesse ","D√©pend de","text","temporal","0.6875","Dossier technique; Validation dossier technique"
"planningChantier","Planning_LONGUENESSE_85_1758620780.xlsx","planning longuenesse ","Effort pr√©vu","text","general","0.0625","Effort pr√©vu"
"planningChantier","Planning_LONGUENESSE_85_1758620780.xlsx","planning longuenesse ","Effort r√©alis√©","numeric_string","general","0.125","Effort r√©alis√©; 0"
"planningChantier","Planning_LONGUENESSE_85_1758620780.xlsx","planning longuenesse ","Date d'ach√®vement","date","temporal","0.1875","2025-03-14; Date d'ach√®vement"
"planningChantier","Planning_LONGUENESSE_85_1758620780.xlsx","planning longuenesse ","Statut d'ach√®vement","text","status","0.0625","Statut d'ach√®vement"
"gestionGenerale","SOUS-TRAITANTS_1758620632.xlsx","sous-traitants","Name","text","identifier","0.45896656534954405","ECQUES - DELALLEAU - Escalier; Subitems"
"gestionGenerale","SOUS-TRAITANTS_1758620632.xlsx","sous-traitants","Sous-√©l√©ments","text","general","0.9635258358662614","facture  1 acompte,facture 2; Name"
"gestionGenerale","SOUS-TRAITANTS_1758620632.xlsx","sous-traitants","March√©","text","general","0.4316109422492401","17583.6; Qui ?"
"gestionGenerale","SOUS-TRAITANTS_1758620632.xlsx","sous-traitants","Avenant","date","general","0.8115501519756839","Date; 2025-06-26"
"gestionGenerale","SOUS-TRAITANTS_1758620632.xlsx","sous-traitants","Total Factur√©","text","general","0.9513677811550152","5275.08, 12308.52; Status"
"gestionGenerale","SOUS-TRAITANTS_1758620632.xlsx","sous-traitants","Avancement %","numeric_string","general","0.9422492401215805","100%; Montant"
"gestionGenerale","SOUS-TRAITANTS_1758620632.xlsx","sous-traitants","Reste √† facturer","numeric_string","general","0.541033434650456","0; RG"
"gestionGenerale","SOUS-TRAITANTS_1758620632.xlsx","sous-traitants","RG","numeric_string","general","0.030395136778115502","0; 1240"
"gestionGenerale","SOUS-TRAITANTS_1758620632.xlsx","sous-traitants","Contrat","date","general","0.8723404255319149","Ech√©ance; 31-07-2025"
"gestionGenerale","SOUS-TRAITANTS_1758620632.xlsx","sous-traitants","Progression","text","general","0.24316109422492402","0%; 100%"
"gestionGenerale","SOUS-TRAITANTS_1758620632.xlsx","sous-traitants","D√©claration ST","text","general","0.14285714285714285","Fait; Sans Objet"
"gestionGenerale","SOUS-TRAITANTS_1758620632.xlsx","sous-traitants","PPSPS","text","general","0.12462006079027356","Fait; Sans Objet"
"gestionGenerale","SOUS-TRAITANTS_1758620632.xlsx","sous-traitants","Inspection commune","text","general","0.12462006079027356","Fait; Sans Objet"
"gestionGenerale","SOUS-TRAITANTS_1758620632.xlsx","sous-traitants","P√©riode - Start","date","temporal","0.03951367781155015","2023-07-04; 2023-10-23"
"gestionGenerale","SOUS-TRAITANTS_1758620632.xlsx","sous-traitants","P√©riode - End","date","temporal","0.03951367781155015","2023-07-06; 2024-02-29"
"gestionGenerale","SOUS-TRAITANTS_1758620632.xlsx","sous-traitants","RG","numeric_string","general","0.030395136778115502","0; 1240"
"gestionGenerale","TEMPS_DE_POSE_JLM_1758620739.xlsx","temps de pose jlm","Name","text","identifier","0.868421052631579","POSE BLOC PORTE 1 Vantail; POSE BLOC PORTE 2 Vantaux"
"gestionGenerale","TEMPS_DE_POSE_JLM_1758620739.xlsx","temps de pose jlm","Sous-√©l√©ments","text","general","0.05263157894736842","Sous-√©l√©ments"
"gestionGenerale","TEMPS_DE_POSE_JLM_1758620739.xlsx","temps de pose jlm","TEMPS DEVIS","numeric_string","project","0.7631578947368421","2; 2.4"
"gestionGenerale","TEMPS_DE_POSE_JLM_1758620739.xlsx","temps de pose jlm","OBJECTIF","numeric_string","general","0.8157894736842105","1.6; 1.92"
"gestionGenerale","TEMPS_DE_POSE_JLM_1758620739.xlsx","temps de pose jlm","Qt / j/homme","numeric_string","general","0.8421052631578947","5; 4.166666667"
"gestionGenerale","TO_DO_FLAVIE_1758620656.xlsx","to do flavie","Name","text","identifier","0.9690721649484536","BERCK OXYGENE; WAILLY BEAUCAMP - STOVEN"
"gestionGenerale","TO_DO_FLAVIE_1758620656.xlsx","to do flavie","Sous-√©l√©ments","text","general","0.010309278350515464","Sous-√©l√©ments"
"gestionGenerale","TO_DO_FLAVIE_1758620656.xlsx","to do flavie","Personne","text","contact","0.010309278350515464","Personne"
"gestionGenerale","TO_DO_FLAVIE_1758620656.xlsx","to do flavie","Texte","text","general","0.9381443298969072","Passation √† faire; Texte"
"gestionGenerale","TO_DO_FLAVIE_1758620656.xlsx","to do flavie","Statut","text","status","0.9381443298969072","Fait; Passation √† faire"
"gestionGenerale","TO_DO_FLAVIE_1758620656.xlsx","to do flavie","P√©riode - Start","date","temporal","0.041237113402061855","P√©riode - Start; 2023-02-11"
"gestionGenerale","TO_DO_FLAVIE_1758620656.xlsx","to do flavie","P√©riode - End","date","temporal","0.041237113402061855","P√©riode - End; 2023-02-14"
"gestionGenerale","TO_DO_Julien_1758620664.xlsx","to do julien","Name","text","identifier","0.9539473684210527","DEYA facture Plinthes et BOULOGNE; TS SAMER"
"gestionGenerale","TO_DO_Julien_1758620664.xlsx","to do julien","Sous-√©l√©ments","text","general","0.019736842105263157","Sous-√©l√©ments"
"gestionGenerale","TO_DO_Julien_1758620664.xlsx","to do julien","Personne","text","contact","0.743421052631579","Julien LAMBOROT; Personne"
"gestionGenerale","TO_DO_Julien_1758620664.xlsx","to do julien","Texte","text","general","0.02631578947368421","Texte; Donner Plus-Value red√©marrage"
"gestionGenerale","TO_DO_Julien_1758620664.xlsx","to do julien","Type","text","general","0.125","Financier; Type"
"gestionGenerale","TO_DO_Julien_1758620664.xlsx","to do julien","Statut","text","status","0.6052631578947368","Accept√©; En cours"
"gestionGenerale","TO_DO_Julien_1758620664.xlsx","to do julien","P√©riode - Start","text","temporal","0.03289473684210526","P√©riode - Start; 2023-03-03"
"gestionGenerale","TO_DO_Julien_1758620664.xlsx","to do julien","P√©riode - End","text","temporal","0.03289473684210526","P√©riode - End; 2023-03-07"
"gestionGenerale","TO_DO_Julien_1758620664.xlsx","to do julien","RG a Cautionner","text","financial","0.5131578947368421","RG a Cautionner; Ne pas cautionner"
"gestionGenerale","TO_DO_LUDIVINE_1758621044.xlsx","to do ludivine","Nom","text","identifier","0.8474280732345248","CONTRAT JULIEN V; FACTURE CB CHATGPT 08/07/2025 256.03 E"
"gestionGenerale","TO_DO_LUDIVINE_1758621044.xlsx","to do ludivine","Sous-√©l√©ments","text","general","0.16041848299912817","Sous-√©l√©ments; 28/05/24 - Solde,03/06/2024,04/06/2024,05/06/2024 rattrapage Apr√®m,10/06/2024 rdv opalebio,12/06/24,17/06/24 m√©decin,18/06/24,19/06/2024,2506/24,27/06/2024 kin√© √©cho,02/07/2024,03/07/24,09/07/24,10/07/24,17/07/24,23/07/2024,26/07/24,31/07/2024,02/08/24,05/08/24,28/08/24,02/09/2024 ABS IRM -5h,11/09/2024 +0.5,16/09/2024 + 1,17/09/2024 +0.5,24/09 -2.5H 8h 11h15 - 15h - 17h15,25/09,30/09 ABSENTE,02/10,03/10,04/10,07/10,08/10,10/10,11/10,16/10,21/10/2024 mal de ventre,22/10/2024,23/10/2024,28/10/2024,30/10/2024,31/10/2024 rdv CHAM,05/11/2024,06/11/24,07/11/24,08/11/24,12/11/24,14/11/24,19/11/24,20/11/2024 7h45-17h15,22/11/2024,04/12/2024,10/12/2024 RDV CHAM,19/12/2024,21/12/2024,08/01/25,10/01/25,15/01/25,22/01/2025,28/01/2025,29/01/2025,04/02/2025,05/02/2025,07/02/25,12/02/2025,19/02/2025,26/02/2025,25/02/2025,03/03/2025,04/03/025,05/03/2025,07/03/2025,11/03/2025 grippe,12/03/2025,13/03/2025 GRIPPE,14/03/2025 GRIPPE,17/03/2025 MEDECIN,19/03/2025,20/03/2025,24/03/2025,25/03/25,26/03/25,27/03/2025,28/03/2025,02/04/25,03/04/2025 conges,07/04/2025 conges,04/04/2025,08/04/2025,10/04/2025,11/04/2025,14/04/2025,16/04/2025,22/04/2025,23/04/2025,07/05/2025,21/05/2025,28/05/2025,03/06,04/06/2025 abs,06/06/2025,11/06/2025,13/06/2025 8h-12h,18/06/2025,23/06/2025,08/07/2025,09-07-25,10-07-25,11/07/2025,16/07/2025,16/07/2025 10 hs pay√©es sur juillet,18/07/2025,17/07/2025,21/07/2025,23/07/2025,24/07/2025,30/07/2025,01/08/2025 ABS,24/08/2025,01/09/2025  rentr√©e,03/09/25,04/09/25,05/09/25,10/09/2025,17/09/2025"
"gestionGenerale","TO_DO_LUDIVINE_1758621044.xlsx","to do ludivine","Personnes","text","contact","0.17175239755884916","Julien LAMBOROT; Ludivine COMBAZ"
"gestionGenerale","TO_DO_LUDIVINE_1758621044.xlsx","to do ludivine","Note","text","general","0.15780296425457715","PPSPS √† Faire; RG √† cautionner"
"gestionGenerale","TO_DO_LUDIVINE_1758621044.xlsx","to do ludivine","Statut","text","status","0.7393199651264167","En cours; Accept√©"
"gestionGenerale","TO_DO_LUDIVINE_1758621044.xlsx","to do ludivine","Date","date","temporal","0.26852659110723626","2025-07-01; 2025-05-22"
"gestionGenerale","TO_DO_LUDIVINE_1758621044.xlsx","to do ludivine","Priority","text","general","0.023539668700959023","Priority; Critical ‚ö†Ô∏èÔ∏è"
"gestionGenerale","TO_DO_LUDIVINE_1758621044.xlsx","to do ludivine","Caution RG","text","financial","0.024411508282476024","Caution RG; A faire"
"gestionGenerale","TO_DO_LUDIVINE_1758621044.xlsx","to do ludivine","Total Chiffres","text","general","0.010462074978204011","Total Chiffres; -1.25, -3.5, -2.75, 3.25, -2.25, 1, -2, 0.75, 4.25, -5, 0.5, 0.75, 0.75, 1, 1, 1.5, 1, 0.5, 0.5, 0.5, 1.75, 0.5, -5, 0.5, 1, 0.5, -2.25, 4, -7.75, 4, 1.5, 2, -7.75, 2.5, 1, -2, 4, -2.75, 0.75, 4, -7.75, 4, -2.25, 2.5, 1, 1.5, 1.5, 4, 3.5, 1, 5, -0.5, 1.75, -2.50, -3.25, 1.5, 0.75, -1, 0.5, 0.5, -2, 1, 1.5, 4.25, -3.5, 1, -4, 4.25, 0.5, -1, 1.5, 2.5, 2.25, -4.75, 0.5, -2, -4.5, -1, 1.75, 1, 2.5, 0.5, 1.25, 0.75, 1, 5.25, -8, -7.75, -0.5, 0.5, 1.25, 0.5, 0.75, 3, -4, 1.5, 3.25, -4, 4, 1, -2.75, 2, 4.5, -3.5, 0.5, -1, 1.5, 0.5, 0.5, -0.5, 4, -10, -3.5, 0.5, 1.25, 1, 2, 6, 1.75, -7.5, -1, 3.5, 0.5, -0.5, 2, 1"
"gestionGenerale","TO_DO_LUDIVINE_1758621044.xlsx","to do ludivine","link to TO DO Julien","text","general","0.024411508282476024","link to TO DO Julien; LE CROTOY - COGEDIM - MEXT Suite Mise au point  - Caution RG ?"
"gestionGenerale","_Tableau_bord_JLM_1758620606.xlsx","üß≠ tableau bord jlm","Name","text","identifier","0.8913043478260869","2024 - 08 Aout; 2024 - 09 Septembre"
"gestionGenerale","_Tableau_bord_JLM_1758620606.xlsx","üß≠ tableau bord jlm","Personne","text","contact","0.043478260869565216","Personne"
"gestionGenerale","_Tableau_bord_JLM_1758620606.xlsx","üß≠ tableau bord jlm","Date","date","temporal","0.6304347826086957","2024-08-30; 2024-09-30"
"gestionGenerale","_Tableau_bord_JLM_1758620606.xlsx","üß≠ tableau bord jlm","Facturation","numeric_string","general","0.8260869565217391","150761; 263981"
"gestionGenerale","_Tableau_bord_JLM_1758620606.xlsx","üß≠ tableau bord jlm","PC du Mois","numeric_string","general","0.5652173913043478","354948; 881012"
"gestionGenerale","_Tableau_bord_JLM_1758620606.xlsx","üß≠ tableau bord jlm","Reste √† produire total","numeric_string","general","0.5869565217391305","4806595; 5722491"
"gestionGenerale","_Tableau_bord_JLM_1758620606.xlsx","üß≠ tableau bord jlm","Heures PC","numeric_string","general","0.5869565217391305","27047; 28651"
"gestionGenerale","_Tableau_bord_JLM_1758620606.xlsx","üß≠ tableau bord jlm","Tr√©so","numeric_string","general","0.5652173913043478","1323508; 885127"
"gestionGenerale","_Tableau_bord_JLM_1758620606.xlsx","üß≠ tableau bord jlm","Retard Echus Client","numeric_string","contact","0.5652173913043478","558630; 394939"
"gestionGenerale","_Tableau_bord_JLM_1758620606.xlsx","üß≠ tableau bord jlm","Chiffrages","numeric_string","general","0.34782608695652173","11206589; 7173490"
"gestionGenerale","_Tableau_bord_JLM_1758620606.xlsx","üß≠ tableau bord jlm","Statut","text","status","0.5434782608695652","Fait; Statut"
"gestionGenerale","_Tableau_bord_JLM_1758620606.xlsx","üß≠ tableau bord jlm","P√©riode - Start","date","temporal","0.21739130434782608","P√©riode - Start; 2023-11-13"
"gestionGenerale","_Tableau_bord_JLM_1758620606.xlsx","üß≠ tableau bord jlm","P√©riode - End","date","temporal","0.21739130434782608","P√©riode - End; 2023-11-16"